booking_id,guest_id,hotel_id,booking_date,room_type_requested,booking_channel,nights_booked,total_amount
B00001,G0029,H015,02-08-2026,Deluxe,Website,2,10659.2
B00002,G0200,H007,17-01-2024,Deluxe,Walk-in,4,21937.8
B00003,G0347,H004,12-09-2025,Standard,Walk-in,3,9403.28
B00004,G0188,H017,28-06-2025,Suite,Website,3,34440.18
B00005,G0238,H001,06-07-2025,Suite,Travel Agent,3,23186.5
B00006,G0263,H002,18-02-2025,Deluxe,Mobile App,7,30003.61
B00007,G0158,H013,26-02-2026,Standard,Walk-in,7,21742.23
B00008,G0237,H004,11-08-2026,Standard,Website,4,12628.24
B00009,G0217,H010,26-03-2024,Deluxe,Mobile App,2,8934.35
B00010,G0324,H001,03-03-2026,Deluxe,Website,1,4467.27
B00011,G0015,H011,06-07-2026,Standard,Website,2,5859.52
B00012,G0109,H018,24-09-2024,Standard,Mobile App,2,5992.85
B00013,G0344,H007,12-02-2026,Standard,Travel Agent,3,9838.19
B00014,G0321,H016,22-07-2025,Standard,Website,2,6027.69
B00015,G0159,H005,23-01-2026,Suite,Travel Agent,4,35812.36
B00016,G0233,H006,17-12-2025,Standard,Mobile App,4,14540.42
B00017,G0107,H023,20-09-2025,Deluxe,Website,2,8895.34
B00018,G0072,H003,03-04-2026,Suite,Mobile App,3,28214.28
B00019,G0164,H008,26-09-2024,Standard,Mobile App,4,14969.38
B00020,G0127,H020,14-02-2025,Deluxe,Website,10,38403.36
B00021,G0216,H006,03-03-2026,Deluxe,Mobile App,1,5274.28
B00022,G0029,H017,03-04-2026,Standard,Website,3,11754.76
B00023,G0348,H020,25-08-2024,Standard,Website,2,5040.4
B00024,G0350,H003,10-06-2024,Executive,Travel Agent,2,16300.18
B00025,G0264,H007,23-08-2025,Deluxe,Travel Agent,1,4572.12
B00026,G0195,H024,18-10-2024,Suite,Walk-in,2,17112.33
B00027,G0117,H008,10-10-2024,Deluxe,Website,7,36208.97
B00028,G0297,H006,24-09-2024,Standard,Website,1,3216.65
B00029,G0259,H017,29-04-2024,Executive,Walk-in,5,42583.92
B00030,G0062,H015,11-12-2025,Executive,Mobile App,4,35556.98
B00031,G0328,H015,05-03-2026,Deluxe,Walk-in,5,29145.27
B00032,G0302,H003,21-09-2024,Standard,Travel Agent,2,8189.44
B00033,G0344,H011,30-03-2026,Standard,Mobile App,3,9031.72
B00034,G0268,H008,26-09-2024,Standard,Mobile App,4,13024.34
B00035,G0233,H006,21-07-2025,Deluxe,Mobile App,7,33556.49
B00036,G0146,H022,03-02-2026,Executive,Website,4,31292.47
B00037,G0339,H009,04-09-2024,Standard,Website,2,8032.21
B00038,G0317,H025,19-03-2025,Standard,Phone,4,14086.35
B00039,G0015,H001,21-04-2026,Suite,Mobile App,1,7654.3
B00040,G0011,H011,27-09-2025,Deluxe,Phone,7,32845.45
B00041,G0136,H006,17-05-2025,Executive,Walk-in,2,13530.21
B00042,G0296,H005,30-06-2026,Standard,Travel Agent,3,10260.82
B00043,G0350,H012,29-05-2025,Standard,Travel Agent,1,3203.56
B00044,G0058,H017,16-12-2025,Deluxe,Travel Agent,1,5441.75
B00045,G0223,H004,17-08-2025,Standard,Mobile App,2,5807.99
B00046,G0136,H009,30-08-2024,Deluxe,Mobile App,2,11706.09
B00047,G0348,H014,03-08-2024,Deluxe,Mobile App,5,24034.3
B00048,G0312,H019,11-01-2025,Standard,Mobile App,2,6112.18
B00049,G0310,H008,03-10-2024,Deluxe,Walk-in,1,5451.65
B00050,G0167,H005,26-01-2026,Deluxe,Website,2,9254.02
B00051,G0145,H021,03-07-2026,Deluxe,Travel Agent,4,19328.57
B00052,G0105,H013,09-12-2025,Standard,Website,1,2698
B00053,G0019,H004,25-07-2026,Standard,Website,2,5824.49
B00054,G0316,H009,12-08-2026,Standard,Mobile App,2,8148.33
B00055,G0296,H007,04-07-2026,Deluxe,Mobile App,3,17021.53
B00056,G0350,H012,18-10-2024,Standard,Mobile App,4,11331.4
B00057,G0350,H013,21-03-2024,Deluxe,Mobile App,10,46916.71
B00058,G0200,H011,17-10-2025,Standard,Mobile App,2,6309.9
B00059,G0283,H006,24-08-2024,Standard,Website,3,10681.25
B00060,G0342,H021,11-09-2025,Standard,Walk-in,4,14996.1
B00061,G0316,H019,04-02-2026,Deluxe,Mobile App,1,5518.77
B00062,G0098,H024,08-05-2024,Standard,Website,4,12179.27
B00063,G0155,H006,19-10-2025,Standard,Website,7,23551.16
B00064,G0051,H001,09-06-2024,Suite,Mobile App,14,97228.12
B00065,G0344,H005,24-09-2025,Standard,Phone,2,6326.1
B00066,G0228,H010,25-01-2026,Standard,Website,3,9343.57
B00067,G0089,H022,14-01-2026,Standard,Walk-in,5,19359.84
B00068,G0253,H018,10-06-2026,Executive,Mobile App,1,6822.73
B00069,G0233,H006,06-07-2025,Deluxe,Mobile App,4,22189.47
B00070,G0130,H017,21-03-2025,Deluxe,Mobile App,7,40800.19
B00071,G0040,H003,20-08-2024,Standard,Mobile App,2,7432.4
B00072,G0253,H017,01-01-2024,Suite,Walk-in,2,20752.91
B00073,G0188,H023,09-01-2024,Executive,Phone,3,16241.1
B00074,G0283,H010,18-08-2025,Deluxe,Travel Agent,3,14082.12
B00075,G0188,H018,22-06-2026,Standard,Website,4,11888.77
B00076,G0316,H013,28-04-2026,Standard,Website,3,8644.88
B00077,G0199,H020,30-03-2026,Suite,Travel Agent,2,16285.98
B00078,G0203,H009,08-04-2026,Standard,Walk-in,1,3702.89
B00079,G0320,H015,11-02-2026,Deluxe,Website,3,16226.89
B00080,G0140,H005,20-01-2024,Standard,Mobile App,1,3058.08
B00081,G0053,H005,02-10-2024,Deluxe,Travel Agent,2,9294.19
B00082,G0012,H007,20-05-2025,Standard,Website,4,15191.67
B00083,G0278,H023,10-05-2026,Suite,Website,5,42671.66
B00084,G0233,H009,27-02-2024,Suite,Website,3,29010.27
B00085,G0265,H009,11-05-2026,Suite,Walk-in,1,11138.77
B00086,G0080,H013,22-07-2025,Suite,Mobile App,4,27251.33
B00087,G0053,H024,16-04-2025,Suite,Mobile App,14,106911.67
B00088,G0008,H010,28-11-2025,Executive,Website,4,30760.65
B00089,G0127,H017,16-07-2025,Standard,Mobile App,2,7540.65
B00090,G0220,H022,23-02-2024,Standard,Website,3,11208.41
B00091,G0136,H009,20-06-2024,Deluxe,Mobile App,2,13048.59
B00092,G0152,H023,18-08-2025,Deluxe,Mobile App,2,7747.91
B00093,G0325,H016,10-06-2024,Standard,Mobile App,7,22525.17
B00094,G0125,H002,02-10-2025,Standard,Mobile App,4,12296.11
B00095,G0186,H016,08-05-2025,Standard,Phone,4,12198.75
B00096,G0286,H015,04-04-2026,Deluxe,Website,2,12350.48
B00097,G0139,H002,13-09-2024,Deluxe,Mobile App,2,9023.78
B00098,G0234,H019,18-02-2025,Standard,Website,4,12804.07
B00099,G0316,H020,01-05-2026,Executive,Mobile App,1,5632.54
B00100,G0344,H009,29-10-2024,Deluxe,Mobile App,4,23453.23
B00101,G0057,H006,21-01-2026,Suite,Mobile App,2,18674.37
B00102,G0337,H024,24-11-2024,Standard,Phone,5,13264.54
B00103,G0180,H016,04-08-2026,Suite,Website,2,15036.77
B00104,G0101,H004,25-11-2024,Standard,Travel Agent,1,3176.46
B00105,G0161,H002,01-07-2024,Standard,Mobile App,1,2919.71
B00106,G0350,H013,06-05-2026,Deluxe,Mobile App,4,16194.94
B00107,G0180,H008,14-09-2025,Deluxe,Website,7,33033.19
B00108,G0122,H003,18-05-2025,Deluxe,Mobile App,2,12404.97
B00109,G0239,H014,30-06-2026,Suite,Travel Agent,1,9329.96
B00110,G0094,H002,25-06-2025,Deluxe,Walk-in,1,4006.7
B00111,G0029,H004,15-06-2025,Standard,Website,2,5310.37
B00112,G0051,H008,16-02-2026,Deluxe,Phone,3,15455.81
B00113,G0050,H004,03-02-2026,Suite,Mobile App,4,32269.13
B00114,G0058,H004,13-03-2025,Standard,Website,2,5512.52
B00115,G0053,H018,10-06-2024,Executive,Mobile App,2,11745.46
B00116,G0241,H012,28-11-2024,Standard,Mobile App,5,13732.08
B00117,G0069,H019,03-09-2024,Deluxe,Mobile App,3,16148.8
B00118,G0124,H015,03-01-2025,Standard,Mobile App,4,17451.9
B00119,G0322,H001,02-09-2025,Deluxe,Phone,2,8190.7
B00120,G0170,H007,15-08-2024,Suite,Website,5,47455.02
B00121,G0251,H018,18-09-2025,Deluxe,Mobile App,3,11637
B00122,G0066,H012,03-11-2025,Standard,Website,5,13474.5
B00123,G0073,H010,19-09-2024,Standard,Mobile App,7,25060.73
B00124,G0014,H011,10-01-2026,Suite,Website,5,40214.95
B00125,G0066,H004,02-03-2026,Deluxe,Website,4,17540.39
B00126,G0107,H025,21-03-2024,Standard,Travel Agent,2,7297.12
B00127,G0067,H004,02-03-2025,Suite,Website,3,23637.95
B00128,G0029,H021,12-01-2024,Suite,Mobile App,2,16112.23
B00129,G0045,H019,06-07-2025,Standard,Mobile App,2,6030.66
B00130,G0162,H013,14-05-2026,Executive,Travel Agent,3,16605.37
B00131,G0078,H010,18-03-2025,Suite,Website,2,18035.66
B00132,G0131,H002,02-02-2026,Deluxe,Website,2,8472.43
B00133,G0180,H025,15-01-2025,Standard,Mobile App,3,10537.07
B00134,G0260,H018,19-07-2024,Deluxe,Travel Agent,2,7710.45
B00135,G0014,H014,06-03-2026,Standard,Phone,1,3528.46
B00136,G0291,H012,09-03-2025,Standard,Website,3,7610.83
B00137,G0238,H006,08-11-2024,Executive,Mobile App,14,100165.97
B00138,G0029,H015,29-05-2024,Standard,Walk-in,1,3783.08
B00139,G0320,H024,13-04-2026,Suite,Website,1,8529.26
B00140,G0335,H005,06-08-2026,Suite,Walk-in,1,9500.02
B00141,G0022,H010,29-12-2025,Deluxe,Website,1,5126.99
B00142,G0107,H018,27-07-2024,Deluxe,Website,3,13639.26
B00143,G0294,H023,14-11-2025,Deluxe,Website,3,13430.11
B00144,G0276,H009,26-10-2025,Standard,Website,4,16062.01
B00145,G0071,H015,16-04-2025,Deluxe,Website,2,11056.46
B00146,G0078,H022,22-05-2026,Standard,Website,2,8536.4
B00147,G0133,H008,30-01-2025,Executive,Mobile App,4,31887.41
B00148,G0177,H020,11-05-2025,Deluxe,Website,3,12782.66
B00149,G0233,H023,06-08-2026,Standard,Website,3,8260.5
B00150,G0133,H024,06-02-2025,Standard,Website,2,5915.32
B00151,G0164,H017,29-08-2024,Standard,Website,2,7591.57
B00152,G0276,H018,19-10-2025,Executive,Website,2,11978.54
B00153,G0014,H003,20-05-2024,Deluxe,Mobile App,4,25548.07
B00154,G0101,H008,03-12-2025,Standard,Mobile App,2,6463.26
B00155,G0265,H011,11-09-2025,Standard,Website,3,8780.16
B00156,G0321,H007,01-12-2025,Suite,Website,4,36495.68
B00157,G0185,H014,18-05-2024,Executive,Phone,1,8023.46
B00158,G0191,H006,28-07-2026,Standard,Mobile App,7,21499.72
B00159,G0038,H005,21-11-2024,Deluxe,Travel Agent,5,24866.98
B00160,G0155,H010,30-01-2026,Standard,Phone,7,26211.25
B00161,G0191,H005,07-10-2024,Suite,Website,1,9651.92
B00162,G0095,H020,18-09-2025,Standard,Mobile App,2,5365.06
B00163,G0104,H001,04-12-2025,Standard,Travel Agent,3,8614.88
B00164,G0136,H016,11-09-2025,Deluxe,Mobile App,5,21480.09
B00165,G0009,H006,10-05-2025,Standard,Website,4,11944.01
B00166,G0121,H014,03-10-2024,Standard,Travel Agent,1,3142.57
B00167,G0079,H015,30-06-2024,Suite,Mobile App,2,20693.48
B00168,G0122,H014,09-09-2024,Standard,Website,4,13151.16
B00169,G0045,H013,16-11-2024,Deluxe,Travel Agent,3,12994.48
B00170,G0321,H023,15-06-2026,Suite,Mobile App,2,16601.29
B00171,G0223,H008,13-02-2024,Deluxe,Mobile App,4,20605.57
B00172,G0257,H025,12-06-2025,Deluxe,Website,2,9907.14
B00173,G0287,H025,12-11-2025,Suite,Mobile App,2,18643.12
B00174,G0180,H023,29-10-2024,Deluxe,Website,5,21271.41
B00175,G0029,H017,09-01-2026,Standard,Travel Agent,7,28629.3
B00176,G0195,H013,18-05-2024,Standard,Mobile App,1,2933.22
B00177,G0219,H007,13-07-2026,Suite,Website,2,18799.95
B00178,G0274,H006,29-12-2025,Deluxe,Website,1,5017.2
B00179,G0149,H003,06-01-2025,Deluxe,Mobile App,4,23485.84
B00180,G0050,H013,12-06-2024,Deluxe,Website,1,4131.95
B00181,G0110,H022,11-06-2026,Suite,Website,1,11141.35
B00182,G0131,H014,22-02-2024,Standard,Travel Agent,10,32121.33
B00183,G0241,H004,04-07-2024,Suite,Phone,1,8185.12
B00184,G0210,H015,13-01-2024,Deluxe,Mobile App,5,30045.01
B00185,G0129,H008,20-05-2025,Standard,Travel Agent,2,6677.18
B00186,G0350,H020,07-09-2025,Standard,Walk-in,2,5920.09
B00187,G0228,H007,19-04-2026,Standard,Website,3,9011.79
B00188,G0093,H002,08-08-2026,Deluxe,Walk-in,2,9492.81
B00189,G0035,H004,29-03-2025,Standard,Website,4,11791.05
B00190,G0058,H023,09-12-2025,Deluxe,Travel Agent,1,4258.1
B00191,G0096,H012,15-08-2025,Executive,Website,2,11905.71
B00192,G0061,H003,23-01-2025,Suite,Walk-in,1,10380.58
B00193,G0071,H023,21-05-2025,Suite,Website,2,14286.92
B00194,G0111,H020,02-08-2024,Standard,Mobile App,10,28902.63
B00195,G0067,H016,30-03-2024,Deluxe,Mobile App,4,18088.58
B00196,G0322,H020,13-03-2025,Suite,Website,3,23755.75
B00197,G0029,H005,07-08-2026,Deluxe,Mobile App,4,20308.4
B00198,G0188,H006,07-04-2026,Suite,Website,2,16786.48
B00199,G0143,H001,21-02-2025,Deluxe,Travel Agent,4,15990.79
B00200,G0350,H014,22-09-2025,Standard,Website,3,10500.53
B00201,G0040,H021,12-01-2024,Standard,Website,4,12911.28
B00202,G0139,H018,02-06-2025,Standard,Website,4,11035.81
B00203,G0347,H019,11-01-2026,Deluxe,Website,1,4869.91
B00204,G0317,H022,22-09-2025,Deluxe,Mobile App,1,5334.66
B00205,G0300,H021,08-06-2024,Deluxe,Walk-in,7,35233.8
B00206,G0101,H014,13-04-2026,Executive,Website,3,22115.85
B00207,G0066,H011,14-06-2026,Deluxe,Website,3,12384.92
B00208,G0253,H012,27-07-2026,Standard,Website,5,13787.03
B00209,G0339,H021,19-01-2025,Deluxe,Website,3,14077.69
B00210,G0201,H025,29-04-2024,Standard,Walk-in,4,12791.43
B00211,G0211,H016,28-07-2024,Suite,Mobile App,5,36587.14
B00212,G0108,H010,21-06-2025,Standard,Mobile App,1,3140.53
B00213,G0283,H015,06-09-2024,Deluxe,Travel Agent,7,37525.76
B00214,G0072,H016,14-12-2024,Deluxe,Mobile App,4,15721.84
B00215,G0122,H004,11-06-2026,Suite,Phone,4,27995.38
B00216,G0148,H002,11-01-2026,Deluxe,Travel Agent,3,11352.95
B00217,G0183,H022,11-01-2026,Suite,Walk-in,2,22894.85
B00218,G0095,H017,15-04-2024,Suite,Travel Agent,1,11114.16
B00219,G0041,H007,16-10-2025,Standard,Website,2,6474.44
B00220,G0231,H022,27-03-2025,Standard,Website,2,6883.45
B00221,G0113,H018,08-06-2026,Deluxe,Website,2,8228.82
B00222,G0215,H023,24-05-2024,Suite,Mobile App,1,7333.83
B00223,G0058,H011,02-07-2026,Deluxe,Website,1,4728.46
B00224,G0174,H004,04-09-2025,Standard,Website,2,6026.55
B00225,G0191,H019,01-07-2026,Deluxe,Travel Agent,2,9802.04
B00226,G0015,H007,07-07-2025,Deluxe,Travel Agent,3,17000.38
B00227,G0123,H025,12-02-2026,Deluxe,Website,5,27999.47
B00228,G0053,H004,24-04-2025,Deluxe,Travel Agent,4,17074.67
B00229,G0024,H008,25-08-2024,Standard,Walk-in,2,6547.62
B00230,G0350,H023,06-07-2024,Executive,Website,5,29435.71
B00231,G0121,H001,14-05-2025,Standard,Website,3,9336.11
B00232,G0295,H025,07-11-2024,Standard,Mobile App,3,9926.09
B00233,G0101,H004,01-01-2026,Standard,Mobile App,4,11571.69
B00234,G0258,H019,14-02-2025,Standard,Mobile App,3,11334.1
B00235,G0280,H003,28-01-2025,Standard,Walk-in,3,12521.6
B00236,G0224,H019,21-03-2025,Suite,Mobile App,2,18862.06
B00237,G0169,H024,20-03-2024,Executive,Mobile App,3,18864.73
B00238,G0144,H011,19-04-2025,Deluxe,Walk-in,1,4783.68
B00239,G0126,H020,12-03-2024,Standard,Walk-in,4,11140.95
B00240,G0339,H021,21-05-2025,Deluxe,Website,5,27798.59
B00241,G0306,H025,13-07-2026,Deluxe,Website,1,4645.28
B00242,G0346,H010,28-06-2025,Standard,Mobile App,1,3536.53
B00243,G0048,H010,20-11-2024,Deluxe,Walk-in,2,11258.38
B00244,G0270,H023,19-11-2025,Executive,Website,1,5412.18
B00245,G0339,H013,06-06-2025,Suite,Walk-in,1,8439.52
B00246,G0068,H001,24-02-2024,Deluxe,Walk-in,2,9368.62
B00247,G0025,H001,05-06-2026,Standard,Travel Agent,2,5485.38
B00248,G0273,H013,26-01-2025,Standard,Mobile App,3,8557.23
B00249,G0211,H018,09-11-2024,Standard,Phone,5,13139.94
B00250,G0312,H005,28-05-2026,Standard,Website,1,3569.43
B00251,G0053,H022,13-05-2025,Standard,Phone,1,4038.62
B00252,G0289,H015,14-05-2025,Suite,Travel Agent,7,75384.99
B00253,G0075,H017,10-04-2025,Standard,Walk-in,2,7284.21
B00254,G0062,H020,10-03-2025,Standard,Mobile App,4,12073.96
B00255,G0063,H014,02-10-2024,Executive,Mobile App,1,6439.02
B00256,G0298,H023,09-05-2025,Standard,Mobile App,10,25760.44
B00257,G0251,H024,08-05-2026,Deluxe,Walk-in,4,16293.57
B00258,G0188,H003,13-06-2025,Deluxe,Mobile App,2,12082.77
B00259,G0130,H022,10-11-2025,Standard,Mobile App,4,14898.8
B00260,G0320,H011,18-04-2025,Deluxe,Website,2,9462.72
B00261,G0136,H024,10-08-2025,Standard,Mobile App,10,27262.33
B00262,G0299,H002,01-05-2026,Deluxe,Mobile App,2,9208.55
B00263,G0152,H002,23-09-2024,Deluxe,Mobile App,3,13407.41
B00264,G0136,H024,25-10-2024,Deluxe,Website,1,4310.88
B00265,G0164,H009,21-05-2026,Standard,Mobile App,2,7343.64
B00266,G0116,H004,29-01-2026,Deluxe,Walk-in,4,17888.45
B00267,G0276,H006,11-04-2026,Standard,Travel Agent,3,10901.64
B00268,G0180,H011,07-10-2024,Executive,Phone,3,19897.76
B00269,G0092,H016,07-05-2026,Suite,Mobile App,2,15977.5
B00270,G0323,H021,23-01-2026,Standard,Mobile App,5,15092.37
B00271,G0136,H025,27-09-2024,Suite,Website,2,18037.33
B00272,G0198,H024,02-05-2025,Executive,Phone,2,12850.53
B00273,G0326,H016,05-06-2025,Standard,Mobile App,2,5444.31
B00274,G0236,H013,05-09-2025,Deluxe,Phone,4,15292.27
B00275,G0044,H021,06-08-2026,Standard,Walk-in,3,10536.62
B00276,G0340,H011,06-10-2024,Standard,Walk-in,2,5857.85
B00277,G0237,H025,28-07-2026,Deluxe,Website,4,21660.18
B00278,G0123,H011,16-06-2025,Deluxe,Phone,2,7582.21
B00279,G0053,H003,09-01-2024,Standard,Website,1,3851.74
B00280,G0288,H024,23-11-2024,Standard,Website,1,2584.36
B00281,G0233,H022,31-08-2025,Suite,Website,3,28471.69
B00282,G0192,H003,02-05-2024,Suite,Website,3,34424.21
B00283,G0321,H006,02-08-2025,Suite,Travel Agent,2,17996.28
B00284,G0287,H021,18-07-2025,Deluxe,Phone,4,21272.25
B00285,G0058,H025,14-11-2025,Suite,Website,4,34313.99
B00286,G0117,H013,04-03-2024,Standard,Phone,2,6177.92
B00287,G0099,H015,01-07-2024,Standard,Phone,1,3800.99
B00288,G0274,H016,22-10-2025,Standard,Mobile App,2,5899.55
B00289,G0014,H015,18-04-2024,Deluxe,Website,1,5956.68
B00290,G0209,H025,13-09-2024,Standard,Walk-in,1,3502.52
B00291,G0280,H022,08-02-2024,Standard,Website,2,7599.49
B00292,G0320,H017,23-03-2025,Deluxe,Travel Agent,3,17152.76
B00293,G0123,H025,15-01-2026,Suite,Website,2,17631.08
B00294,G0302,H025,06-12-2025,Deluxe,Mobile App,7,34335.7
B00295,G0040,H010,29-11-2025,Standard,Mobile App,10,30484.91
B00296,G0314,H011,01-07-2025,Standard,Mobile App,4,11893.82
B00297,G0050,H018,29-06-2024,Standard,Mobile App,1,3007.12
B00298,G0139,H004,06-07-2026,Deluxe,Mobile App,1,4444.43
B00299,G0290,H007,22-01-2026,Standard,Website,4,13853.49
B00300,G0058,H013,15-05-2025,Standard,Mobile App,2,5787.52
B00301,G0089,H015,07-08-2026,Executive,Website,2,16065.89
B00302,G0267,H002,08-01-2026,Standard,Website,3,8658.55
B00303,G0266,H018,25-11-2025,Standard,Mobile App,7,17820.7
B00304,G0241,H016,24-05-2024,Deluxe,Mobile App,7,26796.64
B00305,G0263,H021,23-01-2026,Standard,Website,1,3227.46
B00306,G0197,H004,23-03-2026,Deluxe,Website,3,13916.07
B00307,G0101,H004,18-04-2024,Deluxe,Travel Agent,2,9249.35
B00308,G0124,H011,12-03-2025,Suite,Phone,4,29431.76
B00309,G0069,H019,01-12-2025,Deluxe,Website,10,47245.94
B00310,G0328,H019,16-02-2024,Standard,Website,2,7198.67
B00311,G0216,H023,21-06-2024,Standard,Website,2,5854.78
B00312,G0139,H004,16-05-2024,Suite,Mobile App,2,14091.58
B00313,G0163,H016,19-06-2026,Standard,Website,7,21103.03
B00314,G0343,H010,21-07-2026,Standard,Walk-in,4,14181.95
B00315,G0058,H005,30-07-2024,Deluxe,Mobile App,2,11245.39
B00316,G0218,H023,17-09-2025,Standard,Website,3,9555.63
B00317,G0182,H010,04-10-2025,Standard,Website,2,6141.32
B00318,G0232,H004,26-06-2025,Deluxe,Walk-in,14,60380.85
B00319,G0009,H025,10-04-2026,Deluxe,Website,1,4600.01
B00320,G0320,H022,06-06-2025,Suite,Walk-in,3,28762.16
B00321,G0339,H002,02-08-2026,Standard,Mobile App,1,2695.97
B00322,G0206,H025,07-06-2026,Deluxe,Website,1,5126.19
B00323,G0264,H001,10-06-2024,Deluxe,Website,7,31762.31
B00324,G0336,H019,29-08-2025,Standard,Website,4,12970.46
B00325,G0265,H004,08-03-2026,Standard,Website,4,12515.68
B00326,G0058,H008,19-01-2025,Standard,Mobile App,1,3333.62
B00327,G0212,H020,09-08-2024,Deluxe,Mobile App,1,4535.81
B00328,G0228,H012,09-10-2025,Executive,Website,1,6438.32
B00329,G0148,H009,02-03-2024,Standard,Walk-in,2,7180.37
B00330,G0271,H008,17-12-2024,Suite,Mobile App,4,37506.29
B00331,G0339,H006,18-09-2025,Deluxe,Mobile App,2,9940.98
B00332,G0337,H016,18-06-2025,Suite,Website,3,22853.04
B00333,G0155,H024,11-07-2025,Standard,Walk-in,2,5647.95
B00334,G0040,H019,15-08-2024,Executive,Walk-in,7,49780.19
B00335,G0350,H002,15-02-2024,Executive,Travel Agent,3,18115.64
B00336,G0311,H016,07-02-2025,Suite,Travel Agent,1,7678.66
B00337,G0048,H018,26-03-2024,Suite,Travel Agent,2,14317.52
B00338,G0335,H010,02-01-2025,Standard,Phone,1,3526.22
B00339,G0319,H023,10-07-2025,Deluxe,Mobile App,3,14415.73
B00340,G0188,H025,19-04-2025,Standard,Travel Agent,1,3693.5
B00341,G0221,H015,03-10-2025,Deluxe,Website,3,17071.22
B00342,G0139,H011,08-12-2025,Deluxe,Website,4,18051.83
B00343,G0017,H018,19-09-2025,Deluxe,Website,4,17725.91
B00344,G0123,H024,09-12-2024,Executive,Mobile App,7,41621.9
B00345,G0293,H004,22-02-2024,Standard,Mobile App,1,2776.5
B00346,G0002,H018,25-10-2025,Deluxe,Mobile App,4,15701.3
B00347,G0123,H008,08-12-2024,Deluxe,Mobile App,4,21569.89
B00348,G0139,H023,11-06-2026,Standard,Travel Agent,2,5533.8
B00349,G0195,H017,30-09-2024,Deluxe,Website,1,5633.78
B00350,G0334,H017,12-05-2025,Deluxe,Website,4,24437.7
B00351,G0124,H010,29-06-2025,Deluxe,Mobile App,4,21277.21
B00352,G0124,H003,23-06-2026,Standard,Walk-in,1,3799.13
B00353,G0271,H010,02-07-2024,Executive,Website,1,6570.28
B00354,G0156,H016,31-05-2024,Standard,Website,10,25358.83
B00355,G0087,H022,02-03-2025,Deluxe,Website,2,11549.26
B00356,G0156,H001,22-10-2025,Standard,Website,5,13413.15
B00357,G0055,H021,16-06-2025,Standard,Mobile App,3,10870.55
B00358,G0067,H019,12-05-2025,Deluxe,Mobile App,3,15083.61
B00359,G0180,H005,07-04-2026,Suite,Website,4,33867.02
B00360,G0146,H010,15-01-2025,Suite,Website,2,17947.47
B00361,G0330,H020,19-06-2024,Executive,Travel Agent,2,13719.62
B00362,G0131,H023,09-05-2026,Deluxe,Travel Agent,1,4029.8
B00363,G0214,H011,12-02-2024,Deluxe,Mobile App,2,7990.83
B00364,G0239,H002,25-12-2025,Deluxe,Phone,1,4250.85
B00365,G0006,H018,25-06-2025,Standard,Phone,2,5739.18
B00366,G0251,H015,13-07-2025,Executive,Website,10,84581.37
B00367,G0067,H011,03-06-2025,Deluxe,Website,7,33586.6
B00368,G0346,H019,11-02-2026,Deluxe,Travel Agent,4,22412.48
B00369,G0057,H023,12-12-2024,Standard,Mobile App,1,2994.61
B00370,G0145,H010,29-04-2024,Standard,Mobile App,2,6537.61
B00371,G0029,H002,30-11-2024,Deluxe,Website,3,13801.04
B00372,G0350,H009,24-02-2026,Standard,Website,5,20358.82
B00373,G0180,H017,02-12-2024,Standard,Mobile App,3,11742.6
B00374,G0224,H022,27-02-2024,Standard,Website,5,18895.44
B00375,G0025,H001,16-01-2025,Standard,Mobile App,10,31320.11
B00376,G0276,H007,17-11-2025,Deluxe,Mobile App,14,76386.33
B00377,G0078,H006,22-10-2024,Suite,Phone,2,19896.7
B00378,G0322,H019,22-05-2024,Deluxe,Website,2,11370.01
B00379,G0078,H011,21-06-2025,Standard,Phone,4,10327.66
B00380,G0072,H021,23-02-2025,Executive,Mobile App,3,22887.41
B00381,G0014,H005,12-02-2026,Standard,Walk-in,2,6757.65
B00382,G0169,H010,22-04-2026,Suite,Website,3,26971.16
B00383,G0206,H001,11-10-2024,Standard,Website,3,8896.78
B00384,G0025,H021,07-05-2024,Deluxe,Website,1,5583.92
B00385,G0285,H008,22-10-2025,Standard,Travel Agent,3,11326.01
B00386,G0157,H024,05-09-2025,Standard,Mobile App,2,5401.08
B00387,G0188,H016,03-12-2025,Executive,Walk-in,2,12998.87
B00388,G0153,H009,18-01-2024,Standard,Website,2,8526.72
B00389,G0139,H012,18-05-2024,Standard,Website,2,6316.95
B00390,G0202,H002,30-12-2024,Standard,Mobile App,7,20157.95
B00391,G0059,H021,23-02-2026,Standard,Website,4,13690.83
B00392,G0069,H011,12-06-2026,Suite,Travel Agent,2,16070.41
B00393,G0316,H012,05-12-2025,Standard,Mobile App,5,12645.14
B00394,G0342,H010,14-06-2025,Standard,Mobile App,2,7451.82
B00395,G0135,H007,21-06-2025,Standard,Website,1,3714.57
B00396,G0104,H023,20-09-2025,Suite,Mobile App,3,23350.01
B00397,G0241,H004,13-02-2026,Standard,Walk-in,1,2611.86
B00398,G0142,H016,18-01-2024,Standard,Travel Agent,1,2829.36
B00399,G0011,H017,03-09-2025,Suite,Website,4,37013.35
B00400,G0060,H004,14-04-2026,Standard,Walk-in,1,2678.6
B00401,G0265,H007,08-05-2024,Standard,Website,4,14484.83
B00402,G0248,H001,20-03-2024,Suite,Travel Agent,1,6952.16
B00403,G0012,H022,23-03-2026,Deluxe,Website,1,5502.1
B00404,G0086,H010,27-02-2025,Deluxe,Travel Agent,4,22401.61
B00405,G0091,H019,21-10-2024,Executive,Website,2,13065.36
B00406,G0253,H024,16-05-2026,Executive,Phone,2,11281.67
B00407,G0009,H025,17-05-2026,Deluxe,Website,3,13749.58
B00408,G0036,H025,28-04-2026,Standard,Website,1,3206.41
B00409,G0292,H018,14-07-2026,Standard,Travel Agent,7,22150.34
B00410,G0067,H023,21-05-2026,Deluxe,Travel Agent,1,4487.2
B00411,G0242,H006,19-04-2024,Suite,Phone,2,18205.56
B00412,G0094,H004,21-02-2025,Suite,Website,2,15448.98
B00413,G0034,H025,22-05-2025,Standard,Website,4,12166.15
B00414,G0095,H004,20-05-2025,Standard,Mobile App,4,12003.73
B00415,G0267,H015,11-05-2026,Standard,Mobile App,14,53684.67
B00416,G0316,H003,27-05-2026,Suite,Walk-in,7,70818.83
B00417,G0306,H022,14-01-2024,Deluxe,Website,2,12162.41
B00418,G0139,H004,28-03-2024,Standard,Mobile App,3,7773.62
B00419,G0252,H006,05-08-2026,Standard,Phone,2,6930.08
B00420,G0077,H004,17-02-2025,Standard,Mobile App,3,9166.12
B00421,G0115,H019,13-07-2026,Standard,Travel Agent,3,9912.58
B00422,G0322,H022,02-05-2025,Deluxe,Mobile App,3,16617.17
B00423,G0006,H015,01-05-2026,Standard,Website,3,12076.23
B00424,G0029,H001,17-05-2024,Standard,Website,1,2994.68
B00425,G0078,H013,02-07-2024,Deluxe,Website,2,8868.79
B00426,G0011,H003,17-02-2026,Deluxe,Mobile App,3,17418.84
B00427,G0069,H022,27-10-2024,Deluxe,Mobile App,3,18890.22
B00428,G0216,H018,07-07-2025,Standard,Travel Agent,14,43905.23
B00429,G0147,H013,01-05-2024,Deluxe,Walk-in,2,7635.56
B00430,G0321,H018,30-06-2024,Deluxe,Travel Agent,5,19761.76
B00431,G0300,H005,17-03-2025,Standard,Mobile App,4,13773.9
B00432,G0123,H022,17-05-2025,Deluxe,Mobile App,2,11887.4
B00433,G0101,H017,09-06-2024,Standard,Website,3,11360.59
B00434,G0136,H012,23-11-2025,Suite,Website,1,7857.12
B00435,G0221,H012,11-05-2024,Standard,Travel Agent,1,3143.94
B00436,G0103,H013,23-04-2026,Standard,Website,2,5531.78
B00437,G0236,H008,11-04-2026,Standard,Mobile App,3,11176.74
B00438,G0143,H010,29-12-2024,Standard,Website,3,9013.42
B00439,G0199,H014,04-11-2025,Deluxe,Walk-in,2,10645.39
B00440,G0151,H001,25-08-2025,Executive,Mobile App,2,12517.62
B00441,G0115,H004,09-04-2026,Deluxe,Website,3,13896.09
B00442,G0344,H011,14-11-2025,Standard,Website,10,26612.31
B00443,G0280,H003,12-10-2025,Suite,Mobile App,2,18602.41
B00444,G0054,H013,10-08-2025,Suite,Mobile App,10,80957
B00445,G0319,H004,09-02-2026,Deluxe,Website,3,13012.85
B00446,G0178,H007,13-03-2025,Standard,Website,5,16952.16
B00447,G0321,H014,03-11-2024,Deluxe,Website,2,9543.43
B00448,G0292,H015,13-05-2026,Deluxe,Mobile App,5,30186.81
B00449,G0148,H006,12-06-2025,Deluxe,Website,10,53799.96
B00450,G0009,H009,13-04-2026,Executive,Mobile App,3,26739.01
B00451,G0103,H019,17-05-2026,Deluxe,Website,1,5033.42
B00452,G0197,H005,03-09-2024,Deluxe,Travel Agent,5,24843.56
B00453,G0239,H003,30-05-2026,Deluxe,Walk-in,2,11101.4
B00454,G0101,H009,13-06-2024,Deluxe,Website,2,10709.89
B00455,G0053,H008,29-01-2024,Suite,Website,3,30474.71
B00456,G0308,H021,08-03-2025,Executive,Website,2,12847.16
B00457,G0350,H009,19-03-2026,Deluxe,Website,5,32585.44
B00458,G0189,H001,30-06-2026,Standard,Walk-in,2,5457.17
B00459,G0066,H014,23-09-2024,Suite,Travel Agent,5,44215.65
B00460,G0105,H008,25-01-2026,Standard,Travel Agent,7,23833.16
B00461,G0009,H025,07-08-2026,Executive,Website,5,33966.98
B00462,G0329,H025,05-05-2024,Suite,Website,3,26483.3
B00463,G0044,H014,29-06-2026,Standard,Website,1,3200.38
B00464,G0212,H009,22-02-2025,Suite,Website,3,32892.08
B00465,G0105,H011,11-01-2026,Deluxe,Mobile App,2,8143.24
B00466,G0200,H005,14-03-2026,Standard,Travel Agent,5,14955.04
B00467,G0242,H020,15-07-2026,Standard,Travel Agent,4,10233.08
B00468,G0306,H022,28-07-2026,Standard,Mobile App,2,8679.35
B00469,G0078,H022,06-01-2025,Standard,Walk-in,5,18985.12
B00470,G0005,H009,27-01-2026,Standard,Phone,4,14841.39
B00471,G0053,H006,30-05-2026,Executive,Mobile App,5,38645.66
B00472,G0323,H002,02-03-2025,Standard,Website,4,11456.74
B00473,G0320,H014,03-04-2026,Executive,Website,2,15995.65
B00474,G0225,H006,12-04-2024,Deluxe,Mobile App,2,10412.84
B00475,G0226,H018,12-05-2026,Deluxe,Mobile App,1,3834.7
B00476,G0251,H006,24-03-2026,Deluxe,Travel Agent,1,4956.82
B00477,G0067,H010,05-10-2025,Standard,Website,1,3400.12
B00478,G0329,H021,25-02-2026,Suite,Walk-in,4,38874.88
B00479,G0146,H015,23-11-2024,Deluxe,Travel Agent,2,12245.01
B00480,G0136,H011,26-04-2026,Suite,Website,2,14182.08
B00481,G0188,H013,16-06-2026,Executive,Walk-in,2,13644.33
B00482,G0015,H021,23-02-2026,Deluxe,Website,1,5033.34
B00483,G0064,H023,01-02-2025,Suite,Website,3,23627.21
B00484,G0271,H003,01-06-2024,Executive,Website,3,22118.38
B00485,G0029,H014,22-06-2025,Suite,Phone,5,45291.52
B00486,G0226,H023,14-07-2025,Standard,Phone,5,13531.71
B00487,G0096,H016,03-02-2026,Standard,Mobile App,1,2670.9
B00488,G0136,H010,23-04-2026,Deluxe,Website,1,5442.26
B00489,G0113,H010,07-01-2026,Executive,Website,2,13623.05
B00490,G0128,H022,01-07-2026,Deluxe,Website,2,12770.44
B00491,G0265,H013,10-12-2025,Deluxe,Travel Agent,4,18211.64
B00492,G0115,H003,14-08-2025,Standard,Website,2,7301.54
B00493,G0206,H020,11-09-2025,Executive,Phone,3,19567.09
B00494,G0171,H001,16-02-2024,Standard,Mobile App,2,5592.58
B00495,G0251,H005,05-11-2025,Executive,Mobile App,3,20498.15
B00496,G0339,H016,30-05-2025,Executive,Walk-in,1,5875.98
B00497,G0270,H014,25-02-2026,Standard,Website,1,3079.22
B00498,G0082,H009,11-06-2026,Deluxe,Phone,2,12786.13
B00499,G0014,H025,19-09-2025,Executive,Mobile App,2,13328.04
B00500,G0101,H016,24-01-2026,Suite,Website,5,39913.31
B00501,G0224,H015,28-03-2026,Standard,Website,2,6922.68
B00502,G0015,H006,24-04-2025,Deluxe,Mobile App,14,78528.92
B00503,G0180,H015,15-10-2024,Standard,Travel Agent,3,11689.58
B00504,G0224,H024,16-05-2026,Suite,Website,1,8377.82
B00505,G0123,H006,03-07-2024,Deluxe,Walk-in,3,15846.08
B00506,G0283,H019,07-01-2025,Executive,Website,4,26766.43
B00507,G0037,H008,19-07-2025,Suite,Travel Agent,5,40112.21
B00508,G0029,H022,28-11-2025,Standard,Mobile App,7,24697.25
B00509,G0270,H005,28-07-2025,Standard,Mobile App,4,13479.84
B00510,G0180,H009,09-06-2026,Deluxe,Website,10,60778.15
B00511,G0260,H011,08-04-2025,Executive,Phone,7,46168.85
B00512,G0151,H007,12-05-2024,Suite,Walk-in,2,19461.8
B00513,G0097,H003,31-01-2026,Deluxe,Mobile App,1,5505.17
B00514,G0301,H025,02-09-2024,Suite,Website,5,41627.53
B00515,G0291,H013,09-03-2026,Standard,Travel Agent,3,7813.26
B00516,G0263,H014,21-06-2025,Deluxe,Phone,7,36457.07
B00517,G0105,H022,17-05-2026,Standard,Mobile App,1,3851.26
B00518,G0220,H016,01-02-2025,Standard,Mobile App,1,2815.78
B00519,G0131,H020,12-01-2025,Standard,Mobile App,1,2879.34
B00520,G0031,H022,19-04-2025,Standard,Travel Agent,1,3898.75
B00521,G0332,H021,06-10-2025,Deluxe,Website,2,11168.86
B00522,G0053,H010,04-05-2025,Standard,Website,7,25680.97
B00523,G0344,H014,19-06-2025,Standard,Website,1,3010.85
B00524,G0155,H017,28-08-2025,Standard,Website,3,11905.17
B00525,G0071,H012,27-07-2025,Standard,Website,3,7799.26
B00526,G0197,H015,08-11-2025,Standard,Website,2,7012.99
B00527,G0320,H023,13-06-2026,Standard,Mobile App,2,5978.36
B00528,G0270,H009,31-05-2026,Standard,Walk-in,5,18140.69
B00529,G0295,H024,12-04-2024,Executive,Website,4,24202.79
B00530,G0248,H001,19-01-2024,Standard,Website,3,8526.34
B00531,G0262,H022,18-02-2025,Executive,Mobile App,3,25817.22
B00532,G0316,H012,23-09-2025,Deluxe,Phone,4,18499.49
B00533,G0100,H005,30-03-2024,Standard,Website,5,17742.61
B00534,G0179,H001,25-06-2026,Standard,Mobile App,3,8475.16
B00535,G0086,H007,26-06-2026,Standard,Travel Agent,1,3322.07
B00536,G0350,H006,29-04-2024,Executive,Travel Agent,2,14461.07
B00537,G0342,H015,21-01-2024,Deluxe,Website,3,18994.56
B00538,G0014,H011,22-02-2024,Standard,Mobile App,4,12822.56
B00539,G0265,H016,18-05-2026,Deluxe,Mobile App,3,12255.94
B00540,G0337,H013,14-05-2025,Deluxe,Mobile App,3,13477.8
B00541,G0068,H016,16-04-2026,Standard,Website,1,2923.48
B00542,G0207,H003,20-07-2025,Standard,Mobile App,5,17692.64
B00543,G0330,H021,29-09-2025,Standard,Travel Agent,1,3211.5
B00544,G0014,H016,15-07-2024,Standard,Website,1,3156.35
B00545,G0264,H020,13-12-2024,Suite,Travel Agent,2,16811.9
B00546,G0115,H014,29-12-2025,Suite,Travel Agent,4,38904.36
B00547,G0337,H006,29-03-2026,Deluxe,Website,4,21147.53
B00548,G0348,H006,12-05-2024,Standard,Mobile App,1,3317.2
B00549,G0342,H010,20-05-2025,Standard,Mobile App,14,45779.41
B00550,G0170,H012,24-09-2024,Deluxe,Website,5,21543.26
B00551,G0316,H003,06-04-2026,Standard,Website,2,7924.41
B00552,G0313,H009,13-05-2025,Executive,Travel Agent,4,35659.97
B00553,G0120,H009,24-07-2025,Suite,Walk-in,5,53604.69
B00554,G0305,H023,16-04-2024,Standard,Phone,4,12775.41
B00555,G0014,H004,12-02-2026,Executive,Travel Agent,3,20062.74
B00556,G0224,H018,14-04-2024,Standard,Website,3,9388.83
B00557,G0090,H012,21-07-2026,Standard,Website,2,5748.26
B00558,G0045,H004,20-01-2026,Standard,Mobile App,5,13030.44
B00559,G0029,H015,25-07-2024,Executive,Travel Agent,1,9047.02
B00560,G0264,H011,30-04-2025,Standard,Website,2,6041.28
B00561,G0123,H012,28-02-2025,Deluxe,Website,4,17344.53
B00562,G0268,H008,17-03-2026,Standard,Mobile App,7,26007.81
B00563,G0025,H017,22-05-2026,Suite,Mobile App,1,9551.24
B00564,G0120,H023,11-01-2024,Suite,Phone,1,7340.26
B00565,G0196,H006,01-03-2026,Standard,Mobile App,1,3735.6
B00566,G0287,H019,26-08-2025,Standard,Mobile App,4,14076.23
B00567,G0120,H010,16-06-2025,Standard,Walk-in,4,14780.6
B00568,G0236,H024,11-06-2026,Standard,Website,5,15750.73
B00569,G0321,H005,17-09-2025,Deluxe,Mobile App,1,5134.94
B00570,G0233,H020,18-03-2026,Deluxe,Travel Agent,5,23003.21
B00571,G0092,H025,18-02-2025,Standard,Website,1,3249.89
B00572,G0010,H024,12-01-2026,Deluxe,Website,14,57093.74
B00573,G0319,H017,05-06-2025,Deluxe,Mobile App,4,21477.28
B00574,G0009,H018,18-01-2025,Deluxe,Website,4,18171.34
B00575,G0320,H017,09-08-2026,Standard,Website,2,8048.19
B00576,G0190,H004,01-05-2025,Standard,Travel Agent,1,2728.57
B00577,G0340,H001,24-01-2026,Deluxe,Phone,5,24092.25
B00578,G0291,H023,02-08-2025,Suite,Mobile App,3,23599.96
B00579,G0350,H010,24-12-2024,Standard,Travel Agent,4,14116.12
B00580,G0127,H013,01-01-2026,Deluxe,Website,2,8782.97
B00581,G0282,H025,22-04-2026,Standard,Website,4,14631.56
B00582,G0140,H003,24-03-2024,Standard,Walk-in,3,11555.84
B00583,G0173,H022,13-01-2025,Deluxe,Mobile App,3,17113.65
B00584,G0237,H019,02-07-2026,Deluxe,Mobile App,2,11227.91
B00585,G0320,H024,27-11-2025,Executive,Walk-in,1,5590.69
B00586,G0350,H015,29-12-2025,Standard,Travel Agent,5,17697.96
B00587,G0283,H015,07-01-2025,Deluxe,Travel Agent,7,39677.44
B00588,G0146,H020,01-05-2024,Suite,Website,2,14585.96
B00589,G0147,H005,19-06-2025,Standard,Website,2,6432.86
B00590,G0271,H005,29-01-2024,Standard,Mobile App,1,3712.25
B00591,G0094,H010,29-06-2026,Standard,Walk-in,3,9223.93
B00592,G0040,H003,23-12-2024,Suite,Mobile App,3,31868.09
B00593,G0128,H011,11-08-2026,Suite,Mobile App,4,31542.82
B00594,G0113,H005,14-07-2026,Deluxe,Mobile App,2,10033.61
B00595,G0115,H003,24-10-2025,Suite,Travel Agent,2,19547.39
B00596,G0092,H011,08-02-2025,Deluxe,Phone,7,31868.96
B00597,G0014,H003,23-10-2025,Suite,Travel Agent,3,33630.61
B00598,G0009,H018,02-11-2025,Deluxe,Mobile App,1,4782.93
B00599,G0350,H019,08-07-2025,Suite,Phone,3,28876.83
B00600,G0148,H001,29-05-2025,Standard,Phone,1,2533.28
B00601,G0136,H007,16-03-2026,Standard,Travel Agent,5,16702.67
B00602,G0258,H018,06-04-2026,Deluxe,Mobile App,1,4685.07
B00603,G0084,H011,24-01-2024,Standard,Mobile App,5,13710.84
B00604,G0344,H003,20-09-2024,Standard,Website,1,3564.32
B00605,G0287,H025,18-10-2025,Standard,Website,2,6226.7
B00606,G0029,H011,21-09-2025,Standard,Travel Agent,2,5178.24
B00607,G0146,H014,25-05-2024,Suite,Website,7,69686.03
B00608,G0320,H007,17-04-2025,Standard,Mobile App,2,6787.44
B00609,G0342,H013,31-05-2025,Executive,Website,2,12459.36
B00610,G0167,H016,08-03-2024,Standard,Mobile App,7,17731.25
B00611,G0233,H019,21-07-2025,Deluxe,Website,3,16299.84
B00612,G0065,H019,07-11-2024,Standard,Website,3,9424.97
B00613,G0350,H012,25-05-2024,Deluxe,Website,2,9560.49
B00614,G0091,H015,14-10-2025,Standard,Walk-in,10,40181.35
B00615,G0342,H006,30-10-2025,Standard,Phone,3,10402.32
B00616,G0242,H022,09-05-2026,Standard,Mobile App,3,11952.81
B00617,G0230,H010,06-06-2025,Standard,Travel Agent,3,9665.78
B00618,G0185,H023,08-02-2025,Standard,Website,3,8146.86
B00619,G0091,H007,10-06-2025,Deluxe,Phone,2,10611.05
B00620,G0067,H021,16-12-2024,Standard,Travel Agent,2,6353.47
B00621,G0085,H011,25-11-2024,Standard,Phone,2,6319.63
B00622,G0071,H021,27-05-2025,Executive,Mobile App,1,6388.95
B00623,G0286,H014,26-06-2024,Deluxe,Travel Agent,3,14841.2
B00624,G0126,H021,24-03-2024,Deluxe,Mobile App,7,38300.46
B00625,G0020,H022,31-03-2025,Standard,Phone,2,7999.3
B00626,G0347,H006,31-01-2025,Suite,Walk-in,14,115374.56
B00627,G0321,H007,14-01-2025,Standard,Website,1,3205.82
B00628,G0338,H007,01-06-2026,Standard,Mobile App,2,7133.02
B00629,G0350,H016,27-08-2024,Executive,Website,3,19368.21
B00630,G0067,H007,12-09-2025,Standard,Phone,3,9195.73
B00631,G0139,H019,11-10-2024,Deluxe,Website,1,5375.79
B00632,G0278,H019,20-07-2026,Standard,Mobile App,4,12315.43
B00633,G0263,H008,10-09-2025,Suite,Travel Agent,2,19680.93
B00634,G0058,H023,24-01-2024,Deluxe,Mobile App,4,18829.03
B00635,G0298,H014,03-01-2024,Deluxe,Phone,1,5623.52
B00636,G0087,H014,18-03-2025,Standard,Travel Agent,2,6544.35
B00637,G0087,H002,16-02-2026,Suite,Website,2,15075.23
B00638,G0195,H011,04-04-2025,Standard,Website,1,2920.27
B00639,G0222,H024,26-01-2024,Standard,Travel Agent,10,31618.97
B00640,G0214,H006,20-07-2024,Standard,Website,3,8989.87
B00641,G0031,H001,18-03-2025,Deluxe,Mobile App,2,8085.86
B00642,G0320,H016,16-05-2025,Standard,Website,1,2753.51
B00643,G0103,H003,27-03-2026,Suite,Mobile App,4,43098.56
B00644,G0051,H004,28-11-2025,Standard,Website,1,2739.3
B00645,G0321,H023,18-05-2026,Standard,Website,7,19805.4
B00646,G0344,H020,04-11-2024,Deluxe,Website,4,17468.88
B00647,G0316,H013,28-10-2024,Standard,Mobile App,2,6250.42
B00648,G0295,H022,08-04-2026,Deluxe,Mobile App,2,11504.27
B00649,G0243,H020,27-09-2025,Standard,Travel Agent,4,10152.72
B00650,G0199,H011,13-06-2025,Deluxe,Website,1,4528.96
B00651,G0029,H007,30-08-2025,Executive,Website,3,21003.13
B00652,G0142,H024,07-05-2025,Deluxe,Website,1,3826.27
B00653,G0135,H010,17-07-2025,Deluxe,Mobile App,3,14710.93
B00654,G0101,H018,20-08-2025,Suite,Website,2,14785.88
B00655,G0268,H001,12-01-2025,Deluxe,Travel Agent,1,4029.26
B00656,G0180,H002,30-03-2026,Standard,Website,1,3155.95
B00657,G0029,H003,15-03-2026,Standard,Travel Agent,4,17447.96
B00658,G0085,H023,06-09-2025,Standard,Mobile App,10,29512.72
B00659,G0258,H011,04-03-2025,Standard,Mobile App,4,10198.14
B00660,G0029,H001,12-08-2024,Deluxe,Travel Agent,2,8007.59
B00661,G0316,H024,07-05-2025,Suite,Walk-in,5,37274.17
B00662,G0180,H006,18-10-2025,Suite,Website,1,8756.82
B00663,G0173,H004,22-07-2025,Standard,Mobile App,3,9476.69
B00664,G0221,H002,03-01-2025,Executive,Website,2,11456.84
B00665,G0302,H024,25-09-2024,Standard,Walk-in,2,5314.38
B00666,G0125,H009,29-06-2024,Executive,Website,4,32468.01
B00667,G0257,H004,17-03-2026,Standard,Website,2,5557.5
B00668,G0206,H022,30-09-2025,Standard,Mobile App,4,16081.96
B00669,G0103,H023,17-05-2026,Standard,Website,7,21535
B00670,G0320,H018,28-06-2025,Standard,Mobile App,3,9611.66
B00671,G0290,H002,07-09-2024,Suite,Mobile App,5,36507.96
B00672,G0247,H011,25-10-2025,Standard,Mobile App,2,5217.04
B00673,G0316,H019,04-06-2025,Suite,Website,1,9006.35
B00674,G0318,H020,10-11-2025,Standard,Mobile App,4,11886.2
B00675,G0265,H012,05-06-2025,Deluxe,Mobile App,2,8345.15
B00676,G0310,H016,12-12-2025,Deluxe,Mobile App,2,8401.99
B00677,G0264,H019,01-08-2026,Deluxe,Website,7,35143.69
B00678,G0258,H013,28-08-2024,Standard,Mobile App,2,5260.09
B00679,G0233,H012,12-05-2026,Standard,Website,4,10906.13
B00680,G0276,H012,26-06-2026,Standard,Website,3,8266.39
B00681,G0061,H015,06-04-2025,Standard,Mobile App,3,11061.34
B00682,G0321,H006,26-01-2024,Standard,Website,1,3718.22
B00683,G0320,H017,19-08-2025,Deluxe,Mobile App,4,25855.97
B00684,G0012,H004,10-04-2024,Standard,Website,1,2657.65
B00685,G0303,H009,03-12-2024,Standard,Walk-in,4,14753.96
B00686,G0051,H020,07-04-2026,Executive,Phone,4,26038.93
B00687,G0123,H009,23-07-2026,Standard,Website,5,20863.69
B00688,G0274,H013,17-02-2025,Suite,Travel Agent,1,7976.42
B00689,G0061,H005,18-02-2026,Suite,Website,4,33717.39
B00690,G0300,H017,27-08-2024,Deluxe,Mobile App,2,12607.52
B00691,G0306,H003,14-12-2024,Standard,Website,4,16366.56
B00692,G0183,H015,22-02-2026,Standard,Mobile App,2,7953.98
B00693,G0002,H010,11-05-2024,Executive,Website,5,39243.55
B00694,G0113,H008,27-03-2026,Standard,Travel Agent,2,7233.52
B00695,G0233,H010,04-07-2025,Standard,Website,4,14941.16
B00696,G0350,H011,06-06-2024,Deluxe,Travel Agent,7,30678.01
B00697,G0239,H013,04-02-2025,Standard,Mobile App,3,7955.51
B00698,G0101,H011,21-04-2024,Deluxe,Mobile App,7,27145.33
B00699,G0239,H022,16-04-2024,Deluxe,Website,4,23354.16
B00700,G0196,H007,10-07-2024,Standard,Phone,2,6332.18
B00701,G0286,H017,06-11-2025,Standard,Website,3,10772.33
B00702,G0038,H014,30-05-2026,Standard,Phone,1,3319.21
B00703,G0280,H003,30-01-2026,Standard,Walk-in,1,4255.87
B00704,G0197,H014,13-11-2024,Suite,Travel Agent,1,9237.39
B00705,G0346,H019,13-11-2024,Standard,Travel Agent,2,6280.41
B00706,G0123,H015,26-05-2024,Standard,Mobile App,5,19639.08
B00707,G0239,H019,21-07-2026,Suite,Mobile App,3,28788.77
B00708,G0339,H021,21-10-2024,Suite,Mobile App,4,38158.08
B00709,G0036,H013,14-07-2025,Deluxe,Walk-in,1,4041.59
B00710,G0339,H020,10-07-2026,Deluxe,Mobile App,7,27808.32
B00711,G0260,H004,05-08-2025,Standard,Phone,2,6258.76
B00712,G0025,H021,07-10-2024,Deluxe,Travel Agent,1,5360.58
B00713,G0116,H007,12-07-2026,Executive,Mobile App,4,26346.31
B00714,G0265,H003,12-01-2025,Suite,Mobile App,4,40902.98
B00715,G0025,H009,17-06-2024,Standard,Website,1,4035.4
B00716,G0215,H024,22-11-2025,Deluxe,Website,2,7968.25
B00717,G0124,H001,08-02-2024,Standard,Travel Agent,1,2989.21
B00718,G0234,H016,26-11-2025,Deluxe,Website,3,13587.78
B00719,G0015,H005,23-10-2025,Deluxe,Website,1,5499.3
B00720,G0320,H004,26-01-2026,Standard,Website,4,10551.67
B00721,G0348,H025,18-11-2025,Standard,Website,2,6241.16
B00722,G0346,H002,01-01-2026,Suite,Mobile App,2,13679.09
B00723,G0276,H021,28-06-2026,Deluxe,Travel Agent,1,5315.74
B00724,G0051,H002,13-07-2025,Deluxe,Website,2,7983.65
B00725,G0278,H012,20-01-2026,Executive,Website,1,5441.92
B00726,G0010,H011,15-01-2024,Suite,Travel Agent,1,8547.65
B00727,G0009,H022,29-03-2025,Standard,Website,2,7059.43
B00728,G0122,H011,30-11-2024,Deluxe,Website,1,4348.79
B00729,G0179,H004,25-07-2026,Standard,Website,2,5060.99
B00730,G0283,H011,04-04-2026,Standard,Website,2,5961.15
B00731,G0258,H021,12-10-2024,Deluxe,Website,5,24848.74
B00732,G0154,H020,24-02-2026,Deluxe,Phone,4,18443.29
B00733,G0105,H009,10-02-2026,Executive,Mobile App,14,122702.77
B00734,G0350,H025,25-11-2025,Deluxe,Website,3,16666.91
B00735,G0148,H022,21-11-2024,Deluxe,Website,3,17928.7
B00736,G0156,H017,26-01-2025,Deluxe,Website,3,19656.62
B00737,G0062,H001,26-08-2024,Deluxe,Walk-in,2,9109.62
B00738,G0289,H008,29-04-2026,Deluxe,Website,2,9655.81
B00739,G0263,H013,09-07-2024,Standard,Website,7,20570.57
B00740,G0086,H024,21-03-2026,Suite,Website,2,16451.14
B00741,G0029,H017,10-02-2024,Suite,Mobile App,5,55469.52
B00742,G0258,H024,22-08-2024,Standard,Website,3,9463.93
B00743,G0243,H008,11-11-2025,Suite,Travel Agent,2,19791.72
B00744,G0105,H011,08-08-2026,Standard,Mobile App,1,2864.15
B00745,G0344,H002,16-07-2024,Deluxe,Website,1,3876.35
B00746,G0058,H018,29-08-2025,Suite,Phone,2,13793.12
B00747,G0150,H010,21-12-2025,Standard,Website,2,6948.07
B00748,G0342,H010,06-11-2024,Deluxe,Phone,1,5528.95
B00749,G0147,H003,07-05-2025,Executive,Mobile App,2,16608.51
B00750,G0240,H017,08-03-2025,Deluxe,Mobile App,1,6502.77
B00751,G0139,H001,08-05-2025,Suite,Mobile App,1,8449.61
B00752,G0105,H020,17-04-2026,Deluxe,Mobile App,1,4179.47
B00753,G0350,H015,09-11-2024,Standard,Mobile App,3,11233.32
B00754,G0142,H016,02-01-2026,Standard,Walk-in,1,3123.16
B00755,G0321,H024,17-01-2026,Standard,Mobile App,2,5592.51
B00756,G0090,H012,30-01-2026,Standard,Website,14,35978.1
B00757,G0080,H004,19-12-2024,Standard,Mobile App,1,2825.41
B00758,G0014,H025,18-09-2024,Executive,Travel Agent,3,21710.58
B00759,G0242,H012,06-12-2025,Deluxe,Travel Agent,7,31867.13
B00760,G0132,H016,05-09-2024,Standard,Walk-in,3,8980.49
B00761,G0316,H022,15-12-2025,Deluxe,Website,2,12226.73
B00762,G0170,H008,17-09-2024,Deluxe,Phone,5,22378.43
B00763,G0346,H003,28-02-2026,Deluxe,Walk-in,2,11955.67
B00764,G0071,H003,24-06-2026,Deluxe,Website,2,12651.36
B00765,G0319,H023,26-08-2025,Standard,Phone,3,8363.86
B00766,G0286,H024,11-11-2024,Standard,Walk-in,4,10328.85
B00767,G0283,H019,17-03-2026,Suite,Website,1,9621.57
B00768,G0313,H024,10-08-2026,Standard,Website,14,43280.62
B00769,G0280,H004,02-01-2024,Standard,Travel Agent,3,8934.49
B00770,G0237,H006,24-07-2026,Standard,Website,1,3375.43
B00771,G0052,H004,29-05-2025,Deluxe,Walk-in,1,3841.93
B00772,G0014,H025,06-07-2024,Standard,Phone,5,16688.22
B00773,G0335,H020,23-07-2026,Standard,Mobile App,1,2579.99
B00774,G0233,H009,07-05-2024,Standard,Website,2,7778.21
B00775,G0289,H004,02-05-2026,Standard,Website,10,29857.26
B00776,G0174,H004,31-08-2025,Standard,Travel Agent,2,5768.1
B00777,G0044,H016,03-07-2026,Deluxe,Website,2,8338.65
B00778,G0049,H011,30-06-2026,Executive,Walk-in,7,44783.32
B00779,G0259,H020,22-01-2025,Standard,Mobile App,2,5180.25
B00780,G0149,H023,12-04-2025,Standard,Walk-in,7,17765.83
B00781,G0074,H017,05-05-2024,Standard,Travel Agent,5,18889.73
B00782,G0180,H022,30-05-2026,Deluxe,Mobile App,2,10818.34
B00783,G0025,H011,15-10-2025,Standard,Mobile App,1,3085.29
B00784,G0215,H022,29-11-2024,Standard,Mobile App,2,8020.78
B00785,G0103,H012,15-02-2026,Standard,Phone,7,22475.67
B00786,G0290,H023,27-05-2026,Executive,Travel Agent,2,11385.23
B00787,G0117,H017,26-05-2024,Suite,Travel Agent,4,37043.81
B00788,G0159,H003,24-05-2025,Standard,Travel Agent,3,12779.99
B00789,G0005,H015,04-10-2025,Executive,Mobile App,3,23521.34
B00790,G0028,H025,23-06-2024,Executive,Travel Agent,1,8130.25
B00791,G0136,H006,30-01-2024,Executive,Website,2,13736.47
B00792,G0173,H009,06-01-2026,Deluxe,Phone,4,24364.4
B00793,G0226,H018,07-07-2026,Deluxe,Mobile App,4,16517.76
B00794,G0115,H019,12-07-2025,Suite,Mobile App,3,26397.41
B00795,G0263,H024,08-02-2026,Deluxe,Mobile App,3,13109.98
B00796,G0316,H014,26-05-2026,Suite,Website,1,8158.99
B00797,G0286,H011,01-04-2024,Deluxe,Phone,4,15607.65
B00798,G0014,H005,11-01-2025,Suite,Phone,3,23906.14
B00799,G0173,H019,04-03-2024,Deluxe,Walk-in,10,48564.38
B00800,G0037,H022,13-12-2025,Executive,Website,3,25647.55
B00801,G0095,H013,19-04-2024,Standard,Walk-in,2,6182.61
B00802,G0350,H008,30-10-2024,Deluxe,Mobile App,3,13923.4
B00803,G0056,H023,12-11-2025,Standard,Website,3,9006.06
B00804,G0180,H023,11-06-2025,Deluxe,Mobile App,1,4086.07
B00805,G0233,H002,20-01-2025,Executive,Website,5,28579.6
B00806,G0265,H008,20-01-2026,Deluxe,Website,5,23411.03
B00807,G0202,H024,14-05-2025,Standard,Phone,3,9341.89
B00808,G0004,H018,21-09-2025,Standard,Mobile App,3,8291.45
B00809,G0122,H013,04-02-2025,Standard,Travel Agent,2,6332.29
B00810,G0188,H018,18-12-2025,Standard,Website,4,11705.07
B00811,G0029,H002,04-04-2026,Suite,Travel Agent,2,14113.85
B00812,G0127,H015,20-05-2024,Deluxe,Website,1,5452.3
B00813,G0014,H007,05-02-2026,Deluxe,Website,4,20694.68
B00814,G0029,H005,25-11-2025,Standard,Phone,4,12450.21
B00815,G0139,H004,27-02-2024,Standard,Mobile App,7,18215
B00816,G0053,H021,11-06-2025,Standard,Mobile App,1,3570.43
B00817,G0207,H002,07-09-2024,Standard,Mobile App,2,5874.62
B00818,G0260,H021,25-06-2024,Deluxe,Travel Agent,14,74080.18
B00819,G0292,H025,24-01-2026,Deluxe,Walk-in,2,10487.72
B00820,G0074,H012,31-03-2025,Standard,Website,1,2968.99
B00821,G0065,H017,19-07-2026,Standard,Mobile App,14,54371.55
B00822,G0037,H024,31-05-2026,Standard,Mobile App,2,6439.94
B00823,G0239,H014,20-12-2025,Standard,Website,2,7126.34
B00824,G0265,H018,01-06-2026,Standard,Walk-in,1,2909.24
B00825,G0014,H017,03-07-2025,Deluxe,Mobile App,3,18480.1
B00826,G0339,H021,20-03-2026,Standard,Travel Agent,10,37150.19
B00827,G0016,H020,04-07-2024,Deluxe,Website,2,8220.02
B00828,G0197,H005,10-02-2024,Deluxe,Travel Agent,1,4778.53
B00829,G0265,H002,10-02-2026,Standard,Website,2,6392.79
B00830,G0319,H014,15-07-2025,Executive,Travel Agent,2,12907.43
B00831,G0265,H010,15-06-2025,Deluxe,Mobile App,3,15964.89
B00832,G0293,H012,19-06-2025,Deluxe,Mobile App,4,17902.99
B00833,G0123,H008,15-02-2024,Standard,Website,5,15756.83
B00834,G0298,H020,17-05-2024,Deluxe,Mobile App,2,9091.12
B00835,G0029,H003,08-03-2025,Deluxe,Website,3,16122.06
B00836,G0321,H003,12-04-2025,Executive,Travel Agent,7,53453.52
B00837,G0199,H003,27-07-2024,Deluxe,Website,3,18188.03
B00838,G0300,H012,01-01-2026,Deluxe,Mobile App,3,11856.74
B00839,G0156,H005,21-04-2026,Standard,Travel Agent,2,7539.76
B00840,G0241,H003,10-09-2024,Standard,Mobile App,4,15257.82
B00841,G0189,H021,21-01-2026,Standard,Walk-in,4,12377.87
B00842,G0270,H009,19-04-2025,Standard,Mobile App,10,37876.58
B00843,G0029,H004,17-04-2024,Standard,Travel Agent,2,6189.88
B00844,G0022,H004,11-07-2026,Deluxe,Travel Agent,5,21795.6
B00845,G0098,H004,14-09-2025,Suite,Website,7,52363.02
B00846,G0061,H024,19-12-2024,Deluxe,Travel Agent,3,14118.37
B00847,G0320,H016,14-10-2025,Deluxe,Website,4,18115.54
B00848,G0085,H005,04-11-2025,Standard,Mobile App,2,7464.47
B00849,G0349,H023,17-06-2026,Suite,Travel Agent,2,15216.7
B00850,G0123,H012,25-03-2025,Suite,Mobile App,2,15104.12
B00851,G0069,H008,05-01-2026,Standard,Walk-in,7,23165.67
B00852,G0287,H003,17-11-2025,Deluxe,Website,2,10549.02
B00853,G0247,H002,31-05-2026,Standard,Website,7,21600.9
B00854,G0180,H014,14-09-2024,Deluxe,Phone,1,5077.18
B00855,G0200,H022,02-12-2025,Suite,Travel Agent,2,21503.06
B00856,G0265,H024,21-07-2026,Standard,Mobile App,3,8284.63
B00857,G0089,H022,14-07-2026,Executive,Walk-in,5,42106.74
B00858,G0350,H002,15-09-2025,Deluxe,Phone,4,18824.11
B00859,G0348,H008,20-06-2025,Standard,Mobile App,1,3265.42
B00860,G0242,H014,22-02-2024,Deluxe,Website,10,48791.31
B00861,G0074,H008,26-11-2025,Suite,Walk-in,5,43033.84
B00862,G0258,H010,09-05-2025,Standard,Website,3,9896.19
B00863,G0028,H010,03-08-2026,Executive,Phone,3,23860.05
B00864,G0013,H020,19-04-2025,Suite,Website,1,7613.16
B00865,G0101,H012,01-11-2024,Standard,Website,4,11205.79
B00866,G0164,H004,10-01-2024,Standard,Website,3,9446.87
B00867,G0319,H004,15-11-2025,Executive,Website,4,23100.81
B00868,G0269,H013,26-04-2025,Standard,Mobile App,7,20268.49
B00869,G0273,H004,02-10-2024,Executive,Travel Agent,2,11219.62
B00870,G0148,H014,04-02-2026,Standard,Walk-in,4,12260.04
B00871,G0124,H002,18-10-2024,Standard,Mobile App,2,5084.25
B00872,G0134,H007,13-11-2025,Executive,Phone,14,92151.67
B00873,G0350,H018,15-05-2025,Deluxe,Travel Agent,1,4568.64
B00874,G0014,H013,10-03-2026,Deluxe,Phone,5,20941.45
B00875,G0318,H004,22-04-2024,Suite,Website,2,13551.18
B00876,G0213,H008,26-12-2025,Standard,Walk-in,2,6933.59
B00877,G0152,H014,09-01-2024,Deluxe,Website,1,4991.87
B00878,G0268,H005,24-09-2025,Deluxe,Website,2,9205.82
B00879,G0178,H023,26-09-2024,Standard,Walk-in,1,3014.52
B00880,G0320,H004,10-05-2026,Deluxe,Mobile App,1,4822.18
B00881,G0324,H021,28-09-2025,Deluxe,Website,1,4507.94
B00882,G0147,H005,15-07-2024,Standard,Mobile App,1,3015.69
B00883,G0107,H017,21-02-2025,Standard,Mobile App,2,7494.48
B00884,G0221,H002,05-05-2025,Deluxe,Mobile App,2,8125.42
B00885,G0328,H012,14-10-2024,Deluxe,Website,7,27795.87
B00886,G0079,H002,01-01-2024,Deluxe,Website,2,8148.33
B00887,G0235,H004,19-03-2026,Standard,Website,3,8261.99
B00888,G0239,H004,24-04-2024,Deluxe,Travel Agent,4,15667.29
B00889,G0270,H024,04-09-2025,Suite,Travel Agent,3,23651.52
B00890,G0052,H021,31-08-2024,Standard,Mobile App,1,3061.46
B00891,G0265,H024,06-10-2025,Deluxe,Website,10,47082.43
B00892,G0328,H007,17-04-2026,Standard,Mobile App,1,3751.54
B00893,G0068,H011,25-09-2025,Standard,Mobile App,4,11573.96
B00894,G0094,H002,06-06-2024,Standard,Mobile App,4,12576.44
B00895,G0348,H018,16-02-2026,Executive,Walk-in,2,12951.98
B00896,G0068,H014,21-07-2026,Standard,Mobile App,7,23728.57
B00897,G0316,H006,23-01-2024,Deluxe,Travel Agent,1,4516.71
B00898,G0180,H002,06-04-2026,Suite,Travel Agent,4,29981.2
B00899,G0098,H018,02-12-2025,Suite,Phone,1,8157.61
B00900,G0319,H018,01-11-2025,Suite,Mobile App,2,14190.25
B00901,G0154,H019,12-06-2024,Standard,Travel Agent,5,18133.37
B00902,G0187,H017,23-10-2025,Deluxe,Mobile App,2,10910.88
B00903,G0131,H009,26-12-2025,Deluxe,Website,1,5480.97
B00904,G0222,H021,10-02-2024,Standard,Walk-in,7,22378.85
B00905,G0062,H002,20-03-2026,Deluxe,Website,5,21706.62
B00906,G0136,H021,02-01-2024,Standard,Mobile App,2,6084.72
B00907,G0347,H018,23-12-2025,Standard,Website,7,19084.99
B00908,G0101,H021,28-02-2024,Suite,Walk-in,1,10100.57
B00909,G0245,H009,29-06-2024,Executive,Mobile App,10,89314.99
B00910,G0122,H019,10-03-2026,Standard,Travel Agent,2,7027.32
B00911,G0283,H021,07-03-2026,Deluxe,Website,2,9724.32
B00912,G0051,H019,09-11-2024,Deluxe,Walk-in,2,10026.13
B00913,G0347,H024,17-01-2026,Standard,Website,3,8601.52
B00914,G0157,H006,15-04-2025,Suite,Website,3,30156.52
B00915,G0093,H021,14-05-2026,Standard,Website,5,18244.27
B00916,G0028,H020,04-12-2025,Standard,Website,2,5677.03
B00917,G0066,H013,11-05-2026,Standard,Mobile App,4,12342.38
B00918,G0188,H004,09-09-2025,Standard,Website,5,15272.06
B00919,G0123,H002,21-10-2025,Standard,Travel Agent,2,6354.04
B00920,G0305,H001,06-09-2025,Suite,Website,4,31067.78
B00921,G0149,H011,17-04-2026,Suite,Website,1,8174.38
B00922,G0099,H015,02-07-2026,Suite,Website,3,29405.14
B00923,G0233,H023,10-07-2025,Standard,Mobile App,1,2551.17
B00924,G0265,H010,11-07-2025,Standard,Walk-in,2,5949.2
B00925,G0065,H001,17-08-2024,Standard,Mobile App,2,5441.58
B00926,G0065,H022,01-08-2026,Standard,Walk-in,5,17671.07
B00927,G0014,H004,22-06-2024,Standard,Phone,2,5146.81
B00928,G0271,H004,07-12-2024,Standard,Phone,1,2550.34
B00929,G0251,H006,16-07-2025,Standard,Website,1,3324.85
B00930,G0171,H022,03-07-2026,Deluxe,Mobile App,2,12781.75
B00931,G0313,H016,04-10-2024,Deluxe,Phone,5,22634.36
B00932,G0294,H001,12-10-2025,Suite,Phone,4,28099.42
B00933,G0218,H013,31-05-2024,Standard,Travel Agent,10,30902.55
B00934,G0319,H019,15-06-2025,Standard,Travel Agent,1,3240.44
B00935,G0078,H006,10-05-2024,Suite,Mobile App,3,27089.55
B00936,G0040,H020,27-02-2025,Suite,Website,5,39880.82
B00937,G0104,H013,08-09-2024,Standard,Mobile App,3,8678.2
B00938,G0019,H013,01-01-2026,Standard,Travel Agent,3,9190.84
B00939,G0190,H024,12-08-2026,Standard,Website,2,5324.59
B00940,G0339,H001,21-05-2026,Standard,Mobile App,1,2597.11
B00941,G0014,H012,22-07-2026,Standard,Walk-in,4,10470.18
B00942,G0046,H005,16-04-2025,Suite,Mobile App,7,62276.43
B00943,G0156,H008,03-08-2024,Standard,Website,10,35550.73
B00944,G0339,H024,21-01-2025,Standard,Phone,2,6021.96
B00945,G0120,H019,09-11-2025,Standard,Walk-in,5,14992.67
B00946,G0183,H005,03-04-2026,Standard,Website,3,10937.18
B00947,G0014,H025,02-06-2024,Standard,Travel Agent,4,14202.46
B00948,G0057,H016,02-11-2024,Standard,Website,4,12026.69
B00949,G0350,H004,20-10-2024,Standard,Walk-in,1,3045.79
B00950,G0346,H006,30-05-2025,Standard,Walk-in,4,14788.63
B00951,G0002,H023,21-07-2025,Suite,Walk-in,3,24240.11
B00952,G0344,H006,09-03-2025,Standard,Website,2,7518.37
B00953,G0241,H007,30-01-2026,Standard,Website,2,7305.98
B00954,G0319,H020,30-01-2026,Suite,Walk-in,2,14674.46
B00955,G0158,H013,19-10-2025,Suite,Website,5,39812.32
B00956,G0188,H009,18-07-2024,Standard,Website,3,12699.52
B00957,G0179,H008,04-06-2026,Standard,Mobile App,1,3466.81
B00958,G0251,H010,22-05-2026,Standard,Website,7,22204.82
B00959,G0053,H019,28-03-2024,Deluxe,Mobile App,4,18067.99
B00960,G0013,H003,18-11-2024,Executive,Website,2,15840.2
B00961,G0117,H017,11-02-2025,Standard,Travel Agent,4,17417.22
B00962,G0265,H022,20-12-2025,Standard,Mobile App,4,14093.42
B00963,G0075,H025,06-04-2026,Standard,Mobile App,2,6915.86
B00964,G0254,H010,17-09-2025,Standard,Travel Agent,1,3490.64
B00965,G0348,H008,05-01-2026,Suite,Walk-in,3,28998.08
B00966,G0032,H017,24-08-2025,Deluxe,Travel Agent,3,19407.49
B00967,G0254,H015,19-02-2026,Suite,Website,2,22725.36
B00968,G0154,H002,17-03-2025,Suite,Travel Agent,2,14283.08
B00969,G0319,H020,25-02-2026,Standard,Website,3,8604.8
B00970,G0067,H001,04-04-2026,Standard,Walk-in,3,9594.79
B00971,G0262,H003,11-03-2026,Deluxe,Mobile App,1,5562.93
B00972,G0310,H009,10-03-2024,Deluxe,Mobile App,1,6155.62
B00973,G0342,H009,16-04-2025,Executive,Phone,4,32983.09
B00974,G0258,H005,04-08-2026,Executive,Phone,3,21046.04
B00975,G0180,H013,24-06-2025,Standard,Mobile App,4,11314.32
B00976,G0233,H020,08-06-2025,Executive,Mobile App,4,24635.65
B00977,G0319,H022,31-08-2025,Standard,Phone,1,4179.84
B00978,G0210,H018,17-12-2025,Standard,Walk-in,2,5261.49
B00979,G0013,H003,12-02-2025,Standard,Walk-in,3,11278.17
B00980,G0339,H021,24-04-2025,Deluxe,Walk-in,1,4683.76
B00981,G0260,H013,20-04-2024,Suite,Website,2,14689.82
B00982,G0256,H007,30-07-2026,Deluxe,Mobile App,2,9015.66
B00983,G0082,H016,08-06-2024,Standard,Website,3,9634.4
B00984,G0248,H013,03-03-2026,Standard,Walk-in,4,12819.97
B00985,G0137,H002,06-08-2024,Standard,Website,4,11264.18
B00986,G0242,H021,15-09-2024,Standard,Website,2,6082.18
B00987,G0037,H015,09-06-2026,Suite,Mobile App,3,29524.77
B00988,G0247,H003,06-09-2025,Suite,Mobile App,10,99371.08
B00989,G0350,H012,22-07-2024,Executive,Mobile App,3,19727.36
B00990,G0015,H014,15-07-2026,Standard,Travel Agent,2,5963.61
B00991,G0350,H020,12-03-2026,Standard,Travel Agent,3,7863.7
B00992,G0142,H024,11-11-2025,Deluxe,Travel Agent,2,7876.06
B00993,G0319,H005,09-12-2025,Deluxe,Website,4,21181.67
B00994,G0286,H017,26-09-2024,Deluxe,Phone,7,44554.84
B00995,G0206,H015,25-06-2026,Deluxe,Mobile App,1,6205.67
B00996,G0271,H014,11-07-2024,Deluxe,Travel Agent,3,14184.58
B00997,G0320,H007,07-07-2025,Executive,Mobile App,1,7812.39
B00998,G0141,H010,17-01-2024,Suite,Mobile App,5,47561.2
B00999,G0122,H015,26-10-2025,Standard,Mobile App,5,19163.04
B01000,G0251,H011,26-05-2026,Standard,Website,2,5287.65
B01001,G0295,H006,23-09-2025,Deluxe,Mobile App,5,26567.57
B01002,G0280,H021,23-03-2025,Standard,Mobile App,7,25770.36
B01003,G0290,H004,30-03-2024,Standard,Website,7,18148.01
B01004,G0151,H025,06-02-2026,Deluxe,Mobile App,3,15252.19
B01005,G0300,H002,05-04-2026,Deluxe,Walk-in,1,4595.72
B01006,G0045,H013,18-07-2025,Standard,Walk-in,10,27654.3
B01007,G0199,H015,23-03-2026,Standard,Walk-in,4,16531.11
B01008,G0002,H012,08-01-2024,Suite,Mobile App,2,15970.06
B01009,G0122,H014,10-11-2024,Deluxe,Website,7,31506.19
B01010,G0132,H005,27-01-2024,Suite,Walk-in,3,28815.02
B01011,G0139,H011,21-11-2024,Standard,Mobile App,2,5818.04
B01012,G0263,H007,11-03-2025,Deluxe,Mobile App,1,5615.07
B01013,G0136,H005,15-03-2025,Executive,Mobile App,4,28342.08
B01014,G0155,H017,13-12-2025,Standard,Website,4,14189.87
B01015,G0094,H021,01-05-2024,Deluxe,Mobile App,4,22384.59
B01016,G0135,H011,18-08-2025,Standard,Website,2,5920.45
B01017,G0089,H005,06-06-2026,Standard,Travel Agent,7,21270.66
B01018,G0028,H001,26-01-2025,Deluxe,Website,2,8886.15
B01019,G0227,H006,01-01-2025,Standard,Walk-in,2,6831.71
B01020,G0252,H024,08-09-2024,Suite,Travel Agent,4,31944.43
B01021,G0233,H003,08-10-2024,Executive,Mobile App,3,25577.65
B01022,G0164,H004,15-04-2024,Deluxe,Mobile App,1,4076.59
B01023,G0136,H006,05-07-2026,Standard,Mobile App,2,7332.1
B01024,G0316,H004,04-02-2025,Deluxe,Website,1,4787.18
B01025,G0188,H007,19-03-2024,Deluxe,Mobile App,2,11171.57
B01026,G0173,H006,07-04-2026,Standard,Website,1,3442.18
B01027,G0011,H002,13-09-2025,Standard,Website,2,6432.88
B01028,G0123,H018,06-09-2025,Standard,Mobile App,2,5210.23
B01029,G0136,H001,12-09-2025,Deluxe,Mobile App,4,16028.49
B01030,G0139,H004,08-01-2025,Suite,Website,1,6906.46
B01031,G0214,H005,09-12-2025,Standard,Mobile App,10,32615.05
B01032,G0192,H021,18-07-2025,Standard,Travel Agent,3,10191.16
B01033,G0230,H007,13-02-2025,Standard,Website,5,17830.85
B01034,G0280,H004,06-02-2025,Deluxe,Travel Agent,2,9227.61
B01035,G0296,H016,19-07-2026,Standard,Mobile App,3,8130.52
B01036,G0265,H020,22-11-2024,Standard,Mobile App,1,2767.04
B01037,G0344,H021,08-07-2026,Suite,Mobile App,5,50423.95
B01038,G0009,H019,06-09-2025,Standard,Mobile App,5,18793.06
B01039,G0073,H012,27-06-2025,Standard,Website,5,14102.85
B01040,G0002,H012,09-07-2024,Standard,Website,2,5243.06
B01041,G0241,H004,17-11-2024,Standard,Travel Agent,4,10678.56
B01042,G0322,H011,04-08-2025,Suite,Mobile App,2,15756.76
B01043,G0095,H007,23-06-2025,Standard,Website,3,11109.77
B01044,G0337,H022,30-05-2026,Standard,Walk-in,2,8294.21
B01045,G0022,H011,14-04-2026,Standard,Website,3,7658.26
B01046,G0339,H014,08-10-2024,Standard,Mobile App,3,10385.72
B01047,G0127,H019,30-08-2024,Standard,Website,4,13796.71
B01048,G0035,H015,11-02-2025,Standard,Walk-in,2,8560.06
B01049,G0177,H017,29-07-2026,Standard,Mobile App,1,3517.75
B01050,G0101,H014,01-04-2026,Deluxe,Website,4,19825.71
B01051,G0111,H025,23-07-2025,Standard,Mobile App,2,7097.75
B01052,G0117,H016,10-04-2025,Suite,Phone,1,7451.07
B01053,G0293,H004,24-09-2025,Standard,Website,1,2593.59
B01054,G0196,H023,26-11-2024,Deluxe,Website,1,4540.31
B01055,G0117,H012,11-04-2026,Suite,Mobile App,1,8040.45
B01056,G0231,H009,23-02-2024,Suite,Website,1,9955.94
B01057,G0265,H011,27-09-2024,Deluxe,Travel Agent,2,9027.2
B01058,G0105,H019,24-01-2026,Deluxe,Website,5,26967.05
B01059,G0145,H014,28-06-2026,Deluxe,Travel Agent,3,14275.23
B01060,G0046,H022,04-05-2025,Deluxe,Website,4,23320.42
B01061,G0068,H009,04-04-2024,Suite,Travel Agent,2,22621.26
B01062,G0258,H022,05-09-2024,Deluxe,Walk-in,4,20992.42
B01063,G0069,H002,21-05-2025,Standard,Travel Agent,2,5579.08
B01064,G0189,H004,02-07-2026,Standard,Walk-in,4,11519
B01065,G0265,H025,16-11-2024,Executive,Travel Agent,3,23617.86
B01066,G0038,H005,18-04-2024,Standard,Mobile App,10,36904.51
B01067,G0206,H007,21-02-2026,Suite,Website,2,16656.57
B01068,G0101,H019,10-11-2024,Deluxe,Website,5,26917.44
B01069,G0346,H001,03-09-2024,Suite,Website,1,7991.04
B01070,G0176,H012,23-03-2026,Standard,Phone,1,2822.03
B01071,G0294,H013,19-11-2025,Deluxe,Mobile App,1,4066.22
B01072,G0199,H002,10-04-2024,Deluxe,Travel Agent,2,8177.41
B01073,G0015,H006,17-09-2025,Deluxe,Mobile App,3,14992.76
B01074,G0239,H002,28-11-2025,Deluxe,Phone,1,3835.79
B01075,G0344,H019,06-02-2024,Standard,Website,1,3160.66
B01076,G0226,H023,02-02-2026,Deluxe,Mobile App,1,4550.62
B01077,G0301,H023,19-06-2026,Standard,Website,4,11053.37
B01078,G0321,H023,21-10-2024,Deluxe,Travel Agent,1,4308.4
B01079,G0089,H020,04-07-2026,Deluxe,Website,7,28213.85
B01080,G0079,H022,18-11-2024,Standard,Website,7,24935.58
B01081,G0232,H022,14-01-2024,Deluxe,Website,1,5517.55
B01082,G0144,H006,19-03-2024,Deluxe,Walk-in,3,16984.99
B01083,G0312,H001,28-02-2026,Deluxe,Website,1,4639.87
B01084,G0323,H022,13-08-2025,Executive,Walk-in,3,23055.9
B01085,G0127,H025,30-05-2024,Standard,Website,4,13389.84
B01086,G0093,H012,24-07-2026,Executive,Website,3,17839.3
B01087,G0286,H012,14-01-2024,Standard,Website,3,8954.27
B01088,G0105,H004,20-07-2026,Standard,Mobile App,3,7870.59
B01089,G0302,H008,24-02-2025,Deluxe,Website,3,14289.52
B01090,G0147,H023,28-01-2026,Executive,Mobile App,4,22763.05
B01091,G0251,H021,09-11-2025,Standard,Website,3,10271.1
B01092,G0032,H017,16-06-2026,Standard,Walk-in,2,7485
B01093,G0236,H014,27-01-2026,Executive,Website,1,7397.74
B01094,G0156,H011,19-12-2025,Suite,Website,4,31249.97
B01095,G0218,H012,22-03-2026,Standard,Phone,3,8999.61
B01096,G0066,H022,09-11-2025,Standard,Phone,3,12178.9
B01097,G0271,H016,06-11-2024,Standard,Travel Agent,1,2548.67
B01098,G0316,H019,16-10-2024,Standard,Mobile App,1,3264.56
B01099,G0082,H001,04-05-2026,Standard,Website,5,15348.42
B01100,G0032,H022,09-08-2026,Executive,Mobile App,10,87989.22
B01101,G0010,H024,26-05-2024,Standard,Mobile App,1,2673.2
B01102,G0241,H012,29-04-2025,Standard,Travel Agent,2,5598.76
B01103,G0229,H009,03-06-2025,Executive,Mobile App,1,8233.07
B01104,G0199,H011,15-06-2026,Suite,Website,4,28875.15
B01105,G0091,H018,25-05-2025,Standard,Website,2,6337.97
B01106,G0136,H018,17-04-2025,Standard,Travel Agent,5,12936.15
B01107,G0223,H015,23-06-2025,Deluxe,Mobile App,4,22605.58
B01108,G0180,H014,01-09-2025,Deluxe,Phone,2,11182.12
B01109,G0350,H025,28-01-2024,Standard,Travel Agent,3,9670.12
B01110,G0053,H019,05-09-2024,Deluxe,Website,3,15483.44
B01111,G0263,H002,01-12-2024,Suite,Mobile App,2,13522.32
B01112,G0141,H025,06-04-2026,Suite,Mobile App,1,8086.01
B01113,G0148,H021,29-04-2026,Standard,Mobile App,5,17203.28
B01114,G0265,H011,08-12-2025,Suite,Website,3,23123.37
B01115,G0262,H002,04-01-2026,Deluxe,Mobile App,3,14386.93
B01116,G0350,H008,19-05-2024,Suite,Mobile App,1,9354.98
B01117,G0050,H001,06-01-2026,Suite,Mobile App,1,6875.89
B01118,G0036,H020,16-02-2025,Suite,Mobile App,2,13888.53
B01119,G0268,H017,26-01-2024,Standard,Website,1,3812.34
B01120,G0213,H008,01-08-2024,Suite,Mobile App,5,47362.11
B01121,G0105,H014,17-01-2026,Standard,Website,1,3588.64
B01122,G0029,H006,03-09-2024,Deluxe,Travel Agent,1,5055.7
B01123,G0029,H022,23-10-2024,Standard,Mobile App,2,7378.35
B01124,G0321,H023,30-01-2025,Suite,Mobile App,5,35139.06
B01125,G0072,H015,17-10-2024,Standard,Mobile App,3,10378.94
B01126,G0122,H022,28-10-2025,Deluxe,Website,7,45609.71
B01127,G0088,H024,24-04-2025,Deluxe,Website,1,4305.67
B01128,G0128,H017,06-08-2026,Standard,Walk-in,3,11746.86
B01129,G0025,H021,27-06-2024,Standard,Travel Agent,3,10059.4
B01130,G0188,H005,29-05-2026,Standard,Travel Agent,2,6597.97
B01131,G0025,H021,27-07-2026,Deluxe,Phone,3,14051.65
B01132,G0292,H017,02-07-2026,Suite,Mobile App,1,10006.4
B01133,G0092,H012,17-08-2025,Deluxe,Walk-in,1,3811
B01134,G0196,H006,20-01-2026,Standard,Travel Agent,3,10604.16
B01135,G0321,H025,27-11-2024,Standard,Travel Agent,7,25415.39
B01136,G0242,H006,17-04-2024,Deluxe,Mobile App,10,56032.24
B01137,G0192,H020,04-03-2024,Standard,Website,4,11316.28
B01138,G0122,H020,18-01-2025,Deluxe,Website,1,3893.04
B01139,G0122,H013,05-04-2025,Standard,Mobile App,3,7971.01
B01140,G0253,H015,17-05-2025,Deluxe,Website,4,23042.57
B01141,G0350,H007,25-06-2025,Standard,Website,10,30530.66
B01142,G0249,H005,04-02-2024,Suite,Mobile App,2,18348.62
B01143,G0201,H011,14-03-2024,Standard,Travel Agent,7,20786.94
B01144,G0270,H007,21-01-2026,Suite,Mobile App,3,26232.1
B01145,G0165,H003,25-01-2026,Standard,Mobile App,5,19845.17
B01146,G0021,H017,10-05-2024,Standard,Website,2,7999.64
B01147,G0204,H001,04-12-2024,Standard,Phone,7,18871.77
B01148,G0345,H012,21-12-2025,Standard,Walk-in,10,25723.44
B01149,G0067,H008,12-08-2025,Suite,Phone,3,26544.82
B01150,G0260,H018,28-02-2024,Deluxe,Website,3,14229.78
B01151,G0075,H021,26-09-2024,Standard,Website,2,6499.86
B01152,G0194,H005,19-10-2024,Standard,Walk-in,2,7198.33
B01153,G0032,H008,15-05-2025,Deluxe,Walk-in,3,15648.58
B01154,G0155,H002,30-07-2026,Standard,Website,2,6075.01
B01155,G0278,H018,26-10-2025,Deluxe,Website,4,15557.06
B01156,G0124,H017,23-05-2025,Standard,Mobile App,3,12513.68
B01157,G0251,H008,22-07-2026,Standard,Website,4,14575.14
B01158,G0289,H020,13-09-2025,Suite,Travel Agent,4,31143.72
B01159,G0338,H013,15-03-2026,Suite,Travel Agent,2,15100.63
B01160,G0092,H004,21-05-2024,Standard,Walk-in,14,38883.54
B01161,G0139,H011,17-07-2024,Standard,Website,2,5864.06
B01162,G0058,H014,20-08-2024,Deluxe,Walk-in,4,20656.85
B01163,G0350,H001,01-04-2026,Suite,Website,1,6856.23
B01164,G0337,H006,25-03-2025,Standard,Website,3,11127.27
B01165,G0196,H005,26-10-2024,Deluxe,Mobile App,1,4555.56
B01166,G0312,H018,24-03-2025,Standard,Travel Agent,5,15741.74
B01167,G0188,H008,29-05-2026,Standard,Website,2,6858.12
B01168,G0235,H008,06-05-2026,Deluxe,Website,4,20336.68
B01169,G0029,H012,25-02-2024,Executive,Travel Agent,3,17459.03
B01170,G0278,H005,28-12-2025,Suite,Mobile App,2,18376.87
B01171,G0050,H012,05-05-2024,Deluxe,Travel Agent,1,4026.86
B01172,G0303,H021,26-03-2025,Suite,Phone,1,9815.37
B01173,G0286,H009,03-10-2024,Deluxe,Website,10,52260.8
B01174,G0265,H020,25-05-2026,Standard,Website,2,5661.63
B01175,G0014,H007,17-08-2024,Standard,Travel Agent,3,10557.28
B01176,G0116,H018,02-02-2024,Suite,Phone,7,57152.52
B01177,G0102,H009,10-12-2024,Suite,Mobile App,4,40197.63
B01178,G0131,H020,29-04-2026,Standard,Mobile App,4,12139.16
B01179,G0029,H004,28-02-2024,Deluxe,Phone,7,28572.53
B01180,G0339,H015,01-07-2025,Standard,Travel Agent,4,14699.26
B01181,G0200,H015,25-01-2025,Deluxe,Phone,1,5162.48
B01182,G0116,H022,29-03-2026,Executive,Website,2,16902.64
B01183,G0139,H019,11-12-2024,Standard,Mobile App,2,7036.25
B01184,G0155,H021,08-08-2026,Suite,Mobile App,1,9222.68
B01185,G0226,H009,02-09-2025,Suite,Mobile App,1,9202.62
B01186,G0188,H012,07-02-2024,Deluxe,Walk-in,1,3841.51
B01187,G0333,H009,26-12-2025,Suite,Mobile App,10,103031.21
B01188,G0180,H025,26-05-2025,Suite,Website,3,25404.49
B01189,G0350,H005,27-06-2024,Suite,Travel Agent,2,18826.61
B01190,G0316,H022,07-07-2024,Deluxe,Mobile App,2,11862.13
B01191,G0078,H002,21-08-2024,Executive,Phone,10,54241.77
B01192,G0339,H012,15-05-2026,Deluxe,Website,2,7789.24
B01193,G0043,H015,03-06-2025,Standard,Website,1,3970.19
B01194,G0300,H022,29-04-2026,Standard,Mobile App,5,17817.06
B01195,G0136,H020,30-11-2024,Suite,Website,2,15944.92
B01196,G0320,H010,17-11-2025,Deluxe,Website,1,5613.05
B01197,G0319,H019,29-07-2026,Standard,Mobile App,5,16977.59
B01198,G0294,H019,21-05-2026,Deluxe,Phone,2,10364.7
B01199,G0287,H024,12-05-2026,Standard,Travel Agent,3,9565.88
B01200,G0116,H019,17-08-2024,Deluxe,Mobile App,3,14935.2
B01201,G0029,H004,20-01-2026,Suite,Mobile App,1,7635.62
B01202,G0140,H017,21-06-2025,Standard,Website,5,18530.99
B01203,G0067,H011,06-09-2024,Standard,Travel Agent,2,5678.15
B01204,G0263,H004,12-03-2026,Deluxe,Mobile App,10,42104.22
B01205,G0124,H012,22-03-2024,Deluxe,Website,2,8576.72
B01206,G0349,H015,12-05-2026,Suite,Website,5,58481
B01207,G0241,H018,05-08-2026,Standard,Walk-in,4,11944.53
B01208,G0302,H009,12-09-2025,Suite,Website,1,10221.68
B01209,G0053,H005,01-06-2025,Deluxe,Mobile App,4,22301.37
B01210,G0316,H015,16-06-2026,Standard,Website,2,7910.32
B01211,G0336,H016,10-08-2026,Deluxe,Website,1,4232.99
B01212,G0178,H006,07-12-2025,Executive,Website,5,39989.81
B01213,G0228,H014,14-07-2026,Standard,Mobile App,3,10685.1
B01214,G0280,H011,01-05-2024,Suite,Walk-in,3,23718.54
B01215,G0067,H002,09-01-2026,Standard,Phone,7,22102.3
B01216,G0180,H015,11-06-2026,Deluxe,Mobile App,4,24562.25
B01217,G0139,H006,21-01-2026,Deluxe,Mobile App,5,25457.57
B01218,G0057,H001,04-06-2024,Deluxe,Mobile App,3,12535.03
B01219,G0132,H006,25-03-2025,Deluxe,Mobile App,7,32063.2
B01220,G0025,H016,31-10-2024,Standard,Mobile App,7,20481.16
B01221,G0011,H014,14-05-2026,Standard,Mobile App,4,15044.81
B01222,G0053,H024,12-02-2024,Suite,Travel Agent,2,14543.46
B01223,G0346,H020,19-06-2026,Standard,Website,1,2721.49
B01224,G0199,H015,13-05-2025,Standard,Website,7,25719.23
B01225,G0346,H025,12-09-2025,Standard,Website,2,6105.75
B01226,G0150,H017,18-03-2026,Suite,Website,7,81393.44
B01227,G0117,H018,06-07-2025,Suite,Website,5,33991.66
B01228,G0182,H010,27-07-2024,Executive,Mobile App,4,29175.93
B01229,G0152,H015,30-04-2026,Standard,Website,4,16925.59
B01230,G0037,H014,23-01-2026,Deluxe,Website,1,4805.4
B01231,G0241,H004,15-11-2025,Executive,Walk-in,4,22934.65
B01232,G0082,H011,17-03-2024,Standard,Website,2,6069.73
B01233,G0233,H025,19-11-2025,Standard,Travel Agent,7,21036.98
B01234,G0242,H023,12-04-2024,Suite,Website,5,39948.1
B01235,G0058,H021,17-06-2026,Standard,Mobile App,1,3086.66
B01236,G0022,H008,14-05-2026,Deluxe,Website,1,5468.78
B01237,G0286,H016,21-01-2026,Standard,Website,5,15927.91
B01238,G0162,H024,17-07-2026,Deluxe,Website,1,4365.62
B01239,G0021,H023,01-08-2024,Standard,Mobile App,2,5572.41
B01240,G0350,H008,20-08-2025,Deluxe,Mobile App,3,14050.5
B01241,G0020,H008,03-11-2024,Suite,Travel Agent,3,28076.81
B01242,G0263,H012,09-10-2025,Deluxe,Website,1,4791.06
B01243,G0350,H025,07-07-2026,Suite,Mobile App,2,17024.73
B01244,G0094,H004,11-03-2025,Standard,Phone,3,8289.92
B01245,G0056,H023,11-02-2025,Standard,Walk-in,5,15624.03
B01246,G0046,H014,07-09-2025,Deluxe,Website,2,9453.83
B01247,G0116,H014,21-05-2026,Standard,Travel Agent,2,6471.91
B01248,G0035,H015,14-03-2026,Standard,Website,1,3889.4
B01249,G0262,H011,12-08-2024,Deluxe,Website,2,8024.75
B01250,G0023,H006,23-06-2026,Deluxe,Travel Agent,1,5660.07
B01251,G0183,H011,05-06-2026,Standard,Mobile App,10,25347.82
B01252,G0350,H003,23-01-2025,Suite,Website,2,22266.67
B01253,G0297,H021,05-03-2024,Standard,Website,3,11362.17
B01254,G0233,H018,08-05-2026,Standard,Travel Agent,2,5265.97
B01255,G0117,H011,17-01-2025,Standard,Mobile App,2,5059.1
B01256,G0236,H025,23-06-2024,Executive,Website,2,14460.55
B01257,G0189,H010,28-07-2025,Standard,Website,4,12711.51
B01258,G0148,H024,05-10-2024,Standard,Travel Agent,3,7835.51
B01259,G0051,H009,13-05-2026,Suite,Website,3,32921.69
B01260,G0321,H014,20-01-2026,Standard,Travel Agent,3,11198.02
B01261,G0155,H024,21-08-2025,Deluxe,Mobile App,5,23411.34
B01262,G0073,H011,14-03-2026,Standard,Travel Agent,2,5682.47
B01263,G0132,H009,12-04-2024,Executive,Mobile App,2,16440.5
B01264,G0145,H014,15-08-2024,Deluxe,Mobile App,7,35847.28
B01265,G0304,H013,07-09-2024,Standard,Mobile App,2,5561.83
B01266,G0270,H023,13-03-2026,Standard,Website,10,27981.44
B01267,G0283,H015,27-01-2025,Standard,Mobile App,3,11231.04
B01268,G0005,H003,28-05-2026,Standard,Website,5,19467.5
B01269,G0146,H003,12-09-2024,Standard,Mobile App,3,12346.58
B01270,G0174,H025,27-05-2026,Standard,Travel Agent,2,6461.72
B01271,G0009,H005,01-12-2025,Standard,Travel Agent,3,11080.2
B01272,G0101,H023,01-10-2024,Standard,Mobile App,3,8609.61
B01273,G0280,H008,29-10-2025,Standard,Travel Agent,3,11048.54
B01274,G0053,H003,20-01-2026,Executive,Mobile App,1,7603.66
B01275,G0194,H006,02-09-2024,Deluxe,Website,1,5538.02
B01276,G0082,H002,26-04-2024,Suite,Mobile App,3,23200.81
B01277,G0005,H024,19-09-2025,Suite,Mobile App,1,6970.47
B01278,G0094,H024,28-10-2024,Executive,Travel Agent,3,18967.95
B01279,G0349,H019,18-06-2026,Deluxe,Website,3,14141.18
B01280,G0293,H023,20-09-2025,Standard,Mobile App,3,8002.3
B01281,G0346,H024,04-12-2024,Deluxe,Walk-in,1,4330.6
B01282,G0178,H016,29-04-2026,Standard,Mobile App,1,2566.93
B01283,G0040,H010,06-01-2024,Deluxe,Website,1,5028.6
B01284,G0199,H002,06-04-2024,Deluxe,Mobile App,1,4448.16
B01285,G0158,H008,23-06-2026,Standard,Website,1,3208.34
B01286,G0313,H014,22-07-2026,Deluxe,Website,3,14880.15
B01287,G0034,H018,17-09-2024,Deluxe,Travel Agent,1,3940.04
B01288,G0178,H007,18-01-2026,Standard,Website,1,3631.83
B01289,G0058,H021,24-08-2025,Suite,Website,4,37100.7
B01290,G0122,H024,10-10-2024,Suite,Travel Agent,3,21195.56
B01291,G0271,H008,13-03-2026,Executive,Website,5,33156.45
B01292,G0171,H016,17-06-2024,Suite,Website,7,47934.98
B01293,G0136,H015,07-06-2025,Standard,Mobile App,2,8301.45
B01294,G0138,H018,03-09-2024,Standard,Travel Agent,4,11073.98
B01295,G0162,H017,08-07-2026,Standard,Website,3,10892.5
B01296,G0287,H021,03-09-2025,Suite,Travel Agent,5,46025.37
B01297,G0321,H023,16-05-2025,Suite,Travel Agent,3,22699.2
B01298,G0344,H006,22-12-2024,Standard,Mobile App,2,7054.1
B01299,G0287,H014,17-06-2026,Standard,Mobile App,14,52493.7
B01300,G0120,H012,26-01-2025,Standard,Travel Agent,1,2829.46
B01301,G0260,H007,22-06-2025,Standard,Website,1,3278.28
B01302,G0152,H017,16-09-2024,Executive,Mobile App,1,7904.9
B01303,G0101,H013,05-05-2025,Standard,Travel Agent,2,5915.38
B01304,G0312,H001,16-02-2026,Suite,Phone,14,111096.3
B01305,G0014,H006,17-05-2025,Deluxe,Walk-in,4,21843.23
B01306,G0325,H012,09-02-2024,Standard,Walk-in,1,3035.34
B01307,G0163,H005,10-06-2026,Standard,Walk-in,1,3339.83
B01308,G0239,H002,28-12-2025,Standard,Walk-in,2,6233.61
B01309,G0248,H020,01-11-2025,Deluxe,Website,4,18898.6
B01310,G0321,H023,08-07-2026,Standard,Phone,4,11105.52
B01311,G0239,H022,15-01-2024,Standard,Walk-in,3,10467.11
B01312,G0233,H025,24-04-2026,Deluxe,Travel Agent,1,5009.77
B01313,G0025,H020,09-10-2024,Standard,Mobile App,1,3042.78
B01314,G0188,H001,07-05-2026,Standard,Mobile App,1,2846.38
B01315,G0058,H023,06-05-2026,Standard,Phone,1,3162.61
B01316,G0271,H024,05-07-2024,Standard,Website,3,7602.23
B01317,G0185,H001,22-06-2024,Standard,Mobile App,1,3026.99
B01318,G0258,H010,09-09-2024,Suite,Mobile App,7,58714.45
B01319,G0014,H024,12-02-2026,Standard,Website,4,10578.41
B01320,G0029,H019,23-05-2024,Standard,Website,1,3703.43
B01321,G0265,H010,30-06-2024,Standard,Mobile App,1,3266.96
B01322,G0028,H012,07-01-2025,Suite,Mobile App,5,40191
B01323,G0027,H002,23-06-2024,Executive,Mobile App,1,6253.07
B01324,G0005,H014,04-07-2026,Standard,Walk-in,4,12579.8
B01325,G0344,H017,17-12-2025,Deluxe,Travel Agent,2,11747.51
B01326,G0271,H009,03-08-2024,Standard,Website,7,27435.89
B01327,G0127,H006,08-10-2025,Deluxe,Mobile App,2,10317.82
B01328,G0115,H002,20-07-2026,Standard,Website,2,6301.43
B01329,G0126,H014,11-06-2024,Deluxe,Website,7,32845.62
B01330,G0285,H010,01-01-2025,Standard,Mobile App,4,13344.88
B01331,G0249,H015,23-09-2025,Deluxe,Travel Agent,4,23268.24
B01332,G0071,H009,22-07-2025,Deluxe,Mobile App,3,17140.94
B01333,G0067,H008,11-02-2024,Suite,Walk-in,3,26689.29
B01334,G0034,H009,03-03-2026,Executive,Mobile App,1,8388.9
B01335,G0248,H010,02-08-2026,Suite,Phone,7,58828.68
B01336,G0280,H025,04-08-2025,Standard,Travel Agent,4,12072.16
B01337,G0103,H010,18-02-2026,Suite,Website,2,17682.27
B01338,G0009,H001,06-04-2026,Deluxe,Website,1,4102.9
B01339,G0029,H008,08-07-2024,Suite,Mobile App,4,33224.12
B01340,G0346,H025,22-07-2025,Standard,Mobile App,2,6724.96
B01341,G0115,H023,02-01-2026,Standard,Mobile App,2,5688.88
B01342,G0283,H025,07-02-2025,Executive,Mobile App,2,16054.83
B01343,G0236,H025,17-07-2025,Standard,Website,4,14777.75
B01344,G0136,H013,03-09-2025,Deluxe,Website,3,14396.21
B01345,G0078,H008,28-01-2024,Suite,Website,2,17533.09
B01346,G0046,H001,28-05-2025,Deluxe,Travel Agent,7,31204.99
B01347,G0233,H016,21-05-2024,Standard,Website,2,5515.42
B01348,G0285,H006,31-10-2025,Standard,Website,2,7303.95
B01349,G0241,H009,05-02-2024,Executive,Mobile App,1,8735.97
B01350,G0190,H015,20-08-2024,Suite,Website,4,43409.86
B01351,G0014,H001,18-02-2025,Standard,Website,3,9001.23
B01352,G0346,H016,12-01-2024,Deluxe,Travel Agent,2,7674.47
B01353,G0291,H009,11-03-2025,Deluxe,Website,5,32188.63
B01354,G0115,H012,23-04-2026,Suite,Travel Agent,5,42860.35
B01355,G0350,H006,24-04-2024,Executive,Mobile App,2,15132.5
B01356,G0226,H001,06-06-2025,Standard,Phone,3,7974.99
B01357,G0216,H020,12-04-2026,Deluxe,Mobile App,1,4075.8
B01358,G0276,H016,05-12-2025,Deluxe,Website,3,12503.28
B01359,G0296,H011,11-06-2026,Deluxe,Travel Agent,1,4060.6
B01360,G0245,H012,27-10-2024,Standard,Mobile App,2,5089.86
B01361,G0050,H012,24-04-2024,Deluxe,Mobile App,2,7927.99
B01362,G0123,H004,01-07-2025,Standard,Website,3,9434.71
B01363,G0338,H015,29-05-2026,Deluxe,Website,5,31665.31
B01364,G0087,H017,20-01-2026,Deluxe,Website,2,10390.95
B01365,G0135,H013,20-06-2025,Deluxe,Travel Agent,2,8897.16
B01366,G0150,H014,05-07-2025,Standard,Website,4,14278.55
B01367,G0152,H003,30-01-2026,Suite,Mobile App,1,9668.69
B01368,G0233,H010,24-09-2024,Deluxe,Mobile App,4,21282.34
B01369,G0342,H012,20-02-2024,Deluxe,Website,7,28479.68
B01370,G0094,H025,06-12-2025,Standard,Mobile App,1,3302.9
B01371,G0046,H022,04-07-2024,Standard,Website,1,4171.71
B01372,G0073,H005,03-11-2025,Standard,Mobile App,4,13991.97
B01373,G0321,H008,09-04-2024,Standard,Travel Agent,2,6957.21
B01374,G0241,H023,15-01-2026,Deluxe,Mobile App,2,8809.98
B01375,G0112,H013,08-07-2025,Deluxe,Mobile App,2,8231.25
B01376,G0298,H015,22-04-2026,Standard,Walk-in,3,11801.68
B01377,G0316,H022,23-06-2024,Standard,Mobile App,3,11913.27
B01378,G0314,H021,21-03-2024,Deluxe,Phone,1,5387.19
B01379,G0332,H012,26-06-2025,Standard,Travel Agent,2,5694.33
B01380,G0101,H020,08-06-2024,Deluxe,Mobile App,3,12648.49
B01381,G0278,H025,26-09-2025,Executive,Mobile App,3,20362.36
B01382,G0162,H005,04-02-2026,Standard,Phone,1,3300.49
B01383,G0312,H004,12-02-2025,Deluxe,Website,1,4596.4
B01384,G0270,H018,15-10-2025,Standard,Travel Agent,2,5878.95
B01385,G0286,H025,23-11-2024,Standard,Website,5,18833.79
B01386,G0245,H021,19-02-2026,Standard,Mobile App,2,7366.36
B01387,G0067,H025,21-05-2025,Deluxe,Walk-in,2,11210.25
B01388,G0199,H013,30-06-2024,Standard,Mobile App,2,5689.63
B01389,G0350,H022,25-06-2024,Executive,Mobile App,3,27994.39
B01390,G0339,H007,24-02-2025,Deluxe,Mobile App,1,5228.48
B01391,G0015,H020,22-10-2024,Deluxe,Mobile App,1,4420.3
B01392,G0063,H019,19-06-2024,Deluxe,Travel Agent,10,44885.49
B01393,G0052,H021,07-09-2025,Standard,Mobile App,1,3727.91
B01394,G0269,H012,13-04-2025,Deluxe,Website,3,13585.3
B01395,G0300,H011,23-07-2024,Standard,Website,1,2924.32
B01396,G0080,H008,23-02-2026,Deluxe,Mobile App,2,9359.1
B01397,G0182,H017,17-04-2025,Deluxe,Walk-in,5,31930.69
B01398,G0312,H008,21-12-2024,Deluxe,Phone,1,4500.45
B01399,G0270,H014,25-07-2026,Suite,Phone,5,40603.42
B01400,G0197,H009,03-03-2025,Suite,Mobile App,4,42911.16
B01401,G0221,H023,30-06-2025,Standard,Mobile App,4,10900.3
B01402,G0183,H024,11-04-2026,Suite,Mobile App,4,30836.7
B01403,G0116,H015,27-10-2025,Standard,Website,1,3677.1
B01404,G0206,H025,30-04-2026,Suite,Travel Agent,2,18835.18
B01405,G0260,H008,25-05-2024,Suite,Website,1,9385.5
B01406,G0320,H015,28-04-2025,Suite,Mobile App,2,19686
B01407,G0239,H023,29-10-2024,Standard,Travel Agent,4,11671.05
B01408,G0280,H002,31-08-2025,Suite,Website,2,14328.83
B01409,G0061,H019,14-01-2025,Standard,Website,7,21730.5
B01410,G0163,H010,11-10-2025,Deluxe,Mobile App,2,10763.77
B01411,G0004,H005,14-11-2025,Deluxe,Walk-in,2,9485.58
B01412,G0097,H007,21-05-2026,Deluxe,Website,1,4911.6
B01413,G0269,H024,04-06-2025,Suite,Mobile App,3,25312.52
B01414,G0350,H021,18-12-2024,Standard,Walk-in,2,6565.65
B01415,G0034,H016,05-06-2026,Deluxe,Walk-in,3,12864.6
B01416,G0140,H001,23-01-2025,Deluxe,Website,2,7993.5
B01417,G0292,H009,09-02-2026,Deluxe,Travel Agent,1,5422.03
B01418,G0076,H015,25-05-2025,Deluxe,Mobile App,1,6206.45
B01419,G0200,H017,18-04-2026,Suite,Travel Agent,2,18527.49
B01420,G0270,H004,03-06-2026,Executive,Mobile App,2,13684.97
B01421,G0233,H024,16-05-2026,Deluxe,Website,4,16995.86
B01422,G0072,H008,19-06-2025,Standard,Travel Agent,1,3747.01
B01423,G0128,H008,05-08-2026,Standard,Travel Agent,1,3782.57
B01424,G0286,H018,29-09-2024,Standard,Travel Agent,4,12648.91
B01425,G0200,H005,16-07-2026,Deluxe,Website,2,10372.11
B01426,G0002,H016,18-08-2025,Deluxe,Mobile App,4,16459.21
B01427,G0280,H003,11-10-2025,Standard,Website,1,3615.12
B01428,G0014,H019,09-07-2025,Standard,Mobile App,3,10362.29
B01429,G0274,H004,31-05-2026,Deluxe,Mobile App,3,13195.15
B01430,G0075,H020,12-10-2025,Suite,Phone,2,15026.88
B01431,G0346,H016,04-10-2024,Deluxe,Website,3,12233.83
B01432,G0132,H010,22-10-2025,Standard,Mobile App,2,7067
B01433,G0122,H010,30-05-2025,Deluxe,Website,4,18744.49
B01434,G0057,H011,07-01-2024,Suite,Mobile App,3,21255.72
B01435,G0116,H014,17-02-2026,Deluxe,Website,5,24423.36
B01436,G0320,H018,08-03-2026,Suite,Website,1,7184.63
B01437,G0350,H017,10-11-2024,Standard,Travel Agent,3,12237.24
B01438,G0132,H020,07-08-2026,Standard,Travel Agent,2,5308.67
B01439,G0155,H006,22-01-2026,Suite,Mobile App,1,10081.71
B01440,G0267,H021,30-04-2025,Deluxe,Mobile App,4,18975.15
B01441,G0321,H016,26-09-2024,Executive,Walk-in,2,11718.7
B01442,G0222,H012,14-01-2026,Suite,Website,2,15612.32
B01443,G0136,H014,19-02-2026,Standard,Phone,1,3311.26
B01444,G0145,H005,23-10-2025,Executive,Travel Agent,1,7618.68
B01445,G0263,H022,05-09-2024,Deluxe,Website,2,11200.79
B01446,G0001,H013,20-03-2026,Standard,Mobile App,1,2670.49
B01447,G0233,H015,30-05-2025,Suite,Website,2,20019.96
B01448,G0128,H024,18-06-2026,Deluxe,Phone,7,32202.03
B01449,G0288,H023,17-05-2025,Executive,Travel Agent,2,13760.79
B01450,G0031,H013,23-08-2025,Standard,Website,2,5793.05
B01451,G0220,H010,24-03-2025,Standard,Website,4,12966.7
B01452,G0174,H005,09-03-2026,Suite,Mobile App,3,27624.19
B01453,G0241,H008,24-03-2025,Standard,Mobile App,3,10300.24
B01454,G0025,H010,16-04-2026,Deluxe,Website,4,22156.91
B01455,G0214,H023,17-12-2025,Deluxe,Phone,2,9182.68
B01456,G0203,H007,04-02-2026,Standard,Mobile App,2,6497.34
B01457,G0203,H023,24-11-2025,Standard,Mobile App,7,18327.32
B01458,G0227,H014,19-10-2025,Standard,Walk-in,4,14642.25
B01459,G0256,H017,05-06-2026,Standard,Mobile App,14,60772.86
B01460,G0294,H018,17-02-2026,Deluxe,Mobile App,3,13653.47
B01461,G0104,H003,01-08-2025,Executive,Travel Agent,3,26919.38
B01462,G0302,H003,16-05-2026,Deluxe,Mobile App,3,16240.16
B01463,G0180,H025,17-11-2024,Deluxe,Walk-in,2,11124.62
B01464,G0029,H005,26-01-2026,Deluxe,Website,3,14644.27
B01465,G0021,H025,24-06-2025,Deluxe,Walk-in,2,8974.04
B01466,G0123,H010,11-08-2025,Standard,Walk-in,1,3159.64
B01467,G0287,H005,14-01-2026,Standard,Website,4,12973.55
B01468,G0265,H021,13-04-2025,Deluxe,Travel Agent,3,14699.42
B01469,G0287,H019,11-06-2026,Standard,Travel Agent,1,3123.59
B01470,G0188,H018,27-01-2024,Deluxe,Walk-in,4,17388.32
B01471,G0153,H011,11-03-2024,Suite,Phone,3,21384.57
B01472,G0057,H014,16-06-2024,Executive,Website,7,54173.36
B01473,G0122,H005,28-01-2024,Suite,Phone,1,10062.48
B01474,G0151,H015,27-01-2024,Suite,Walk-in,1,9305.5
B01475,G0029,H013,25-03-2025,Standard,Travel Agent,3,7821.76
B01476,G0085,H017,28-06-2024,Executive,Travel Agent,1,8887.48
B01477,G0225,H016,03-05-2024,Deluxe,Mobile App,14,59022.38
B01478,G0271,H003,03-08-2024,Suite,Mobile App,2,18931.16
B01479,G0350,H001,12-04-2025,Standard,Walk-in,2,6240.49
B01480,G0339,H012,29-12-2024,Executive,Walk-in,2,13343.42
B01481,G0241,H008,03-11-2024,Executive,Website,3,21185.23
B01482,G0147,H001,27-04-2025,Executive,Website,3,17654.72
B01483,G0239,H008,24-05-2024,Standard,Website,3,9268.27
B01484,G0287,H025,05-02-2026,Standard,Mobile App,1,3584.72
B01485,G0044,H012,06-07-2026,Deluxe,Walk-in,2,7926.74
B01486,G0143,H005,07-04-2026,Deluxe,Walk-in,1,5549.58
B01487,G0312,H006,31-10-2024,Standard,Website,2,6563.7
B01488,G0136,H009,11-05-2026,Deluxe,Website,1,5181.49
B01489,G0211,H002,25-08-2025,Deluxe,Website,2,8692.9
B01490,G0219,H024,18-03-2026,Deluxe,Website,1,4722.05
B01491,G0071,H014,06-05-2025,Executive,Website,3,24337.69
B01492,G0131,H018,26-05-2026,Standard,Walk-in,5,12602.53
B01493,G0123,H016,02-05-2025,Suite,Website,2,15524.95
B01494,G0011,H022,20-09-2025,Deluxe,Mobile App,4,25429.64
B01495,G0010,H005,19-07-2024,Standard,Website,7,22119.34
B01496,G0306,H024,25-03-2024,Standard,Mobile App,5,12968.3
B01497,G0105,H009,10-03-2026,Standard,Travel Agent,2,8708.81
B01498,G0188,H019,15-11-2025,Deluxe,Mobile App,5,27009.54
B01499,G0116,H011,14-05-2024,Standard,Travel Agent,3,9522.71
B01500,G0341,H024,05-02-2024,Executive,Mobile App,1,5696.84
B01501,G0101,H001,05-07-2024,Standard,Website,4,10533.28
B01502,G0148,H001,26-11-2024,Deluxe,Mobile App,2,8880.3
B01503,G0320,H019,14-05-2026,Standard,Phone,2,6381.35
B01504,G0312,H004,04-10-2025,Deluxe,Travel Agent,3,12402.65
B01505,G0071,H006,12-08-2026,Standard,Walk-in,3,10280.98
B01506,G0293,H004,10-11-2025,Deluxe,Website,3,11538.82
B01507,G0161,H014,09-01-2025,Deluxe,Phone,1,4741.81
B01508,G0176,H004,28-03-2026,Standard,Travel Agent,1,2763.34
B01509,G0053,H014,08-04-2025,Deluxe,Phone,10,56643.11
B01510,G0029,H013,05-07-2024,Suite,Walk-in,3,21047.11
B01511,G0270,H008,28-07-2026,Suite,Website,4,36511.34
B01512,G0180,H019,06-02-2025,Suite,Mobile App,5,43836.88
B01513,G0151,H023,23-08-2024,Executive,Mobile App,2,11100.41
B01514,G0270,H021,16-02-2025,Deluxe,Mobile App,5,26955.09
B01515,G0280,H018,04-06-2024,Executive,Mobile App,5,29088.16
B01516,G0061,H010,14-02-2025,Standard,Mobile App,2,6734.45
B01517,G0231,H005,25-11-2024,Deluxe,Website,1,5338.03
B01518,G0053,H010,15-11-2025,Standard,Travel Agent,3,9086.37
B01519,G0276,H005,02-05-2026,Standard,Walk-in,4,14560.69
B01520,G0245,H013,05-09-2024,Suite,Mobile App,2,14225.14
B01521,G0344,H012,04-05-2026,Standard,Phone,2,6289.69
B01522,G0025,H024,06-05-2024,Deluxe,Phone,1,4245.55
B01523,G0019,H025,25-01-2026,Standard,Mobile App,3,10219.87
B01524,G0110,H021,01-03-2026,Deluxe,Website,2,10958.31
B01525,G0101,H024,08-07-2025,Deluxe,Website,5,22859.81
B01526,G0097,H011,07-01-2026,Suite,Phone,1,8321.21
B01527,G0326,H004,18-01-2025,Deluxe,Mobile App,1,4525.25
B01528,G0099,H016,05-06-2026,Suite,Website,1,8620.51
B01529,G0105,H008,19-05-2026,Suite,Travel Agent,5,50480.89
B01530,G0279,H002,07-03-2025,Deluxe,Walk-in,2,9080.51
B01531,G0155,H009,22-11-2025,Deluxe,Website,3,16498.75
B01532,G0286,H003,31-12-2024,Standard,Travel Agent,3,11954.6
B01533,G0025,H019,14-08-2024,Standard,Website,14,51185.28
B01534,G0178,H018,14-05-2025,Deluxe,Mobile App,3,14081.74
B01535,G0014,H013,14-11-2025,Standard,Website,5,14849.37
B01536,G0023,H019,18-04-2024,Standard,Phone,2,6905.56
B01537,G0326,H020,28-04-2026,Standard,Mobile App,4,11052.45
B01538,G0053,H015,18-03-2026,Suite,Mobile App,3,34732.51
B01539,G0191,H021,12-04-2026,Deluxe,Mobile App,7,33096.51
B01540,G0144,H001,04-07-2024,Deluxe,Website,2,8425.5
B01541,G0124,H024,30-01-2024,Deluxe,Walk-in,2,8994.32
B01542,G0323,H008,05-01-2025,Standard,Travel Agent,2,7102.12
B01543,G0009,H025,16-09-2025,Suite,Website,4,36703.41
B01544,G0251,H024,11-10-2025,Standard,Website,5,15556.52
B01545,G0346,H003,27-05-2026,Standard,Mobile App,4,16893.19
B01546,G0202,H011,21-08-2024,Suite,Website,4,31795.89
B01547,G0339,H020,16-11-2024,Deluxe,Website,2,8115.83
B01548,G0016,H016,25-12-2025,Standard,Walk-in,7,21338.38
B01549,G0146,H011,21-06-2024,Standard,Website,2,5748.57
B01550,G0101,H018,19-10-2025,Standard,Mobile App,1,2952.93
B01551,G0270,H007,16-11-2024,Standard,Travel Agent,7,24649.77
B01552,G0350,H009,22-05-2026,Standard,Website,2,7107.69
B01553,G0101,H004,29-01-2025,Suite,Travel Agent,5,41235.82
B01554,G0242,H019,20-09-2025,Executive,Website,2,15668.51
B01555,G0074,H018,08-09-2024,Standard,Phone,1,2677.13
B01556,G0206,H008,26-04-2025,Suite,Mobile App,5,41433.23
B01557,G0164,H008,30-10-2024,Executive,Walk-in,3,21446.82
B01558,G0348,H018,23-07-2025,Executive,Website,1,6177.86
B01559,G0230,H021,13-02-2025,Deluxe,Walk-in,2,9568.78
B01560,G0126,H012,26-03-2026,Suite,Website,2,16875.2
B01561,G0041,H011,28-08-2024,Deluxe,Website,4,16470.98
B01562,G0058,H023,27-04-2026,Standard,Mobile App,1,3206.71
B01563,G0087,H017,14-03-2026,Deluxe,Mobile App,1,6320.75
B01564,G0101,H024,21-08-2024,Standard,Travel Agent,10,30947.54
B01565,G0316,H015,17-08-2024,Standard,Walk-in,2,7688.11
B01566,G0203,H014,28-08-2025,Standard,Phone,1,3344.03
B01567,G0188,H002,27-10-2025,Suite,Mobile App,4,27478.33
B01568,G0041,H003,28-12-2024,Executive,Website,2,18345.84
B01569,G0316,H023,29-01-2024,Deluxe,Mobile App,4,15680.1
B01570,G0268,H007,09-02-2025,Deluxe,Website,4,19351.5
B01571,G0025,H019,26-08-2024,Suite,Mobile App,2,19320.88
B01572,G0265,H019,28-11-2025,Standard,Website,3,10685.42
B01573,G0198,H019,01-01-2025,Standard,Phone,3,10233.57
B01574,G0029,H006,17-01-2026,Deluxe,Website,3,16201.74
B01575,G0161,H006,02-07-2024,Standard,Phone,4,12990.63
B01576,G0177,H013,06-04-2024,Deluxe,Phone,2,8415.91
B01577,G0063,H016,14-12-2025,Standard,Website,1,2768.61
B01578,G0342,H014,25-12-2025,Suite,Mobile App,1,8853.16
B01579,G0316,H012,20-08-2024,Executive,Mobile App,2,13055.45
B01580,G0253,H009,20-06-2025,Standard,Mobile App,14,48769.1
B01581,G0163,H004,17-01-2025,Standard,Phone,3,7569.79
B01582,G0144,H010,28-01-2025,Standard,Walk-in,3,11050.29
B01583,G0242,H007,25-06-2024,Deluxe,Mobile App,3,17008.15
B01584,G0199,H022,09-04-2024,Executive,Mobile App,3,27487.59
B01585,G0023,H025,01-01-2026,Standard,Website,5,14993.31
B01586,G0185,H018,09-02-2024,Suite,Travel Agent,1,8501.71
B01587,G0294,H004,30-01-2026,Standard,Website,3,9450.48
B01588,G0161,H007,24-05-2025,Deluxe,Phone,7,39356.5
B01589,G0016,H022,08-08-2026,Deluxe,Mobile App,2,10613.99
B01590,G0287,H003,20-03-2026,Standard,Mobile App,2,8411.08
B01591,G0075,H013,11-07-2024,Standard,Website,14,39988.15
B01592,G0101,H022,13-05-2026,Deluxe,Walk-in,1,5883.14
B01593,G0063,H021,10-11-2025,Standard,Mobile App,3,10238.91
B01594,G0122,H025,07-02-2025,Deluxe,Website,2,10030.71
B01595,G0278,H010,25-12-2025,Executive,Mobile App,2,13035.66
B01596,G0188,H016,25-01-2024,Standard,Mobile App,3,8202.38
B01597,G0077,H025,16-03-2026,Standard,Travel Agent,1,3660.22
B01598,G0320,H003,26-06-2025,Standard,Mobile App,7,27607.53
B01599,G0321,H011,18-10-2025,Deluxe,Mobile App,1,4098.09
B01600,G0319,H012,24-07-2025,Executive,Website,5,33552.79
B01601,G0094,H017,26-01-2026,Deluxe,Website,2,12278.47
B01602,G0156,H007,21-07-2026,Standard,Phone,7,24934.36
B01603,G0350,H023,15-03-2024,Standard,Website,3,7592.74
B01604,G0283,H007,29-06-2025,Executive,Website,2,15945.56
B01605,G0012,H011,06-11-2025,Executive,Phone,5,29788.38
B01606,G0025,H013,07-05-2026,Standard,Website,2,5975.95
B01607,G0164,H014,22-06-2026,Deluxe,Travel Agent,7,33909.17
B01608,G0328,H021,18-06-2026,Deluxe,Website,4,19902.74
B01609,G0196,H013,27-02-2025,Standard,Walk-in,5,14308.76
B01610,G0180,H001,11-05-2026,Deluxe,Mobile App,4,17006.34
B01611,G0037,H023,15-05-2026,Standard,Mobile App,1,3151.55
B01612,G0245,H003,15-05-2025,Standard,Website,7,25699.71
B01613,G0302,H023,28-11-2025,Executive,Mobile App,3,17481.17
B01614,G0136,H009,06-08-2025,Standard,Website,5,21343.97
B01615,G0285,H018,29-03-2024,Suite,Website,3,20450.79
B01616,G0346,H004,05-05-2025,Standard,Website,2,5157.05
B01617,G0076,H003,11-12-2025,Standard,Mobile App,2,7126.21
B01618,G0188,H025,03-09-2025,Standard,Phone,4,12518.75
B01619,G0113,H024,22-02-2026,Standard,Mobile App,7,19312.6
B01620,G0288,H006,25-12-2024,Standard,Website,3,9890.47
B01621,G0212,H010,05-06-2024,Deluxe,Website,3,14629.7
B01622,G0239,H015,08-01-2026,Standard,Mobile App,5,19999.9
B01623,G0290,H018,21-10-2024,Standard,Mobile App,2,5195.91
B01624,G0138,H014,07-03-2024,Deluxe,Website,4,21430.14
B01625,G0330,H012,25-11-2024,Standard,Walk-in,4,10096.52
B01626,G0192,H019,04-01-2024,Standard,Mobile App,3,11044.45
B01627,G0060,H021,19-02-2026,Standard,Mobile App,1,3654.22
B01628,G0263,H019,06-06-2025,Deluxe,Website,3,15052.63
B01629,G0288,H008,19-05-2026,Deluxe,Mobile App,2,11369.01
B01630,G0120,H016,10-04-2025,Executive,Website,3,17820.61
B01631,G0316,H010,27-05-2024,Deluxe,Website,10,56983.35
B01632,G0326,H012,13-10-2024,Deluxe,Mobile App,2,7649.37
B01633,G0107,H023,24-02-2025,Suite,Walk-in,14,97781.89
B01634,G0350,H012,03-10-2025,Standard,Mobile App,5,14212.04
B01635,G0054,H015,08-04-2025,Executive,Mobile App,2,17402.72
B01636,G0075,H024,16-05-2024,Deluxe,Website,4,17507.22
B01637,G0071,H024,18-07-2026,Deluxe,Mobile App,7,30489.31
B01638,G0321,H014,21-02-2026,Standard,Website,2,6724.02
B01639,G0243,H021,09-07-2025,Deluxe,Walk-in,10,55384.67
B01640,G0058,H002,26-02-2025,Standard,Website,5,14908.78
B01641,G0153,H014,13-06-2025,Standard,Mobile App,4,13169.65
B01642,G0233,H006,14-11-2025,Standard,Travel Agent,3,9307.01
B01643,G0029,H019,15-02-2025,Suite,Website,2,18003.47
B01644,G0321,H024,07-06-2026,Standard,Phone,2,6346.23
B01645,G0294,H017,13-07-2026,Deluxe,Walk-in,4,25058.33
B01646,G0181,H001,28-03-2024,Standard,Walk-in,1,3116.82
B01647,G0346,H012,16-11-2024,Standard,Website,1,3108.47
B01648,G0146,H020,06-01-2025,Executive,Mobile App,5,30563.15
B01649,G0350,H006,21-12-2025,Standard,Website,3,11153.02
B01650,G0252,H006,04-06-2024,Standard,Mobile App,3,9313.02
B01651,G0239,H021,19-07-2025,Deluxe,Phone,4,22320.1
B01652,G0064,H022,02-09-2024,Executive,Walk-in,1,7424.33
B01653,G0321,H013,20-06-2026,Deluxe,Mobile App,4,17581.94
B01654,G0148,H012,17-04-2026,Executive,Mobile App,1,6740.98
B01655,G0062,H022,18-05-2025,Deluxe,Walk-in,14,89693.92
B01656,G0006,H006,08-05-2025,Standard,Website,2,6194.15
B01657,G0202,H022,20-03-2026,Standard,Mobile App,2,8363.86
B01658,G0189,H012,14-05-2025,Deluxe,Travel Agent,1,4715.6
B01659,G0265,H006,03-03-2025,Standard,Website,3,11354.29
B01660,G0321,H001,14-07-2026,Deluxe,Walk-in,1,4030.74
B01661,G0029,H009,09-11-2024,Standard,Mobile App,1,4141.2
B01662,G0270,H015,04-07-2026,Deluxe,Website,1,6386.07
B01663,G0072,H020,06-08-2026,Standard,Mobile App,2,5319.5
B01664,G0316,H013,26-04-2025,Standard,Travel Agent,2,5565.2
B01665,G0301,H017,10-01-2025,Suite,Travel Agent,2,20104.86
B01666,G0196,H024,20-12-2024,Standard,Website,2,5156.63
B01667,G0265,H022,05-04-2025,Standard,Travel Agent,2,7823.14
B01668,G0119,H001,26-04-2024,Suite,Walk-in,1,6889.53
B01669,G0168,H003,17-01-2025,Standard,Walk-in,4,16997.73
B01670,G0302,H024,10-01-2024,Standard,Walk-in,5,14761.11
B01671,G0161,H019,08-06-2024,Deluxe,Walk-in,2,11085.09
B01672,G0130,H022,15-03-2026,Standard,Website,4,14468.58
B01673,G0180,H006,26-11-2024,Standard,Phone,1,3627.46
B01674,G0305,H007,26-08-2024,Standard,Website,2,6821.66
B01675,G0123,H007,02-05-2025,Deluxe,Mobile App,4,20167.01
B01676,G0067,H022,19-01-2026,Deluxe,Walk-in,2,11731.26
B01677,G0265,H006,22-03-2024,Executive,Website,5,36952.59
B01678,G0303,H023,12-07-2024,Standard,Travel Agent,1,3114.03
B01679,G0034,H008,13-02-2026,Standard,Mobile App,3,10411.45
B01680,G0094,H021,02-06-2025,Standard,Mobile App,5,17905.38
B01681,G0055,H001,27-06-2025,Deluxe,Phone,2,9144.02
B01682,G0125,H002,07-03-2024,Standard,Website,4,11815.57
B01683,G0155,H003,09-02-2026,Deluxe,Walk-in,2,13072.39
B01684,G0276,H011,18-11-2025,Deluxe,Walk-in,2,8990.27
B01685,G0242,H003,25-11-2025,Deluxe,Travel Agent,2,11304.37
B01686,G0234,H012,12-12-2025,Deluxe,Travel Agent,2,9658.1
B01687,G0127,H008,13-07-2024,Deluxe,Website,2,10072.93
B01688,G0312,H011,26-10-2025,Executive,Walk-in,10,60954.36
B01689,G0168,H015,09-07-2026,Deluxe,Website,4,22959.94
B01690,G0350,H005,26-01-2024,Suite,Mobile App,5,41477.56
B01691,G0239,H001,09-01-2025,Standard,Walk-in,7,18380.09
B01692,G0049,H007,07-07-2024,Standard,Mobile App,1,3252.22
B01693,G0256,H016,31-05-2026,Standard,Website,10,29045.3
B01694,G0122,H007,21-08-2024,Deluxe,Travel Agent,2,11268.29
B01695,G0259,H016,12-06-2024,Executive,Website,10,55003.59
B01696,G0025,H023,27-11-2024,Deluxe,Website,2,9541.01
B01697,G0067,H007,02-04-2026,Standard,Website,2,6209.21
B01698,G0316,H010,07-10-2025,Deluxe,Mobile App,1,4620.76
B01699,G0089,H011,19-03-2026,Deluxe,Walk-in,5,20840.23
B01700,G0310,H003,29-04-2025,Standard,Mobile App,2,8652.87
B01701,G0108,H008,05-12-2025,Executive,Walk-in,3,23904.77
B01702,G0241,H009,02-05-2025,Deluxe,Mobile App,2,10836.74
B01703,G0263,H011,14-06-2024,Suite,Mobile App,7,56543.88
B01704,G0185,H008,16-09-2025,Suite,Website,3,29806.07
B01705,G0116,H017,16-11-2024,Suite,Mobile App,1,10000.22
B01706,G0079,H016,25-06-2025,Deluxe,Walk-in,7,31809.53
B01707,G0014,H015,09-03-2024,Standard,Website,4,16419.74
B01708,G0116,H025,07-01-2025,Standard,Website,3,9731.64
B01709,G0242,H020,24-04-2026,Deluxe,Website,2,8232.07
B01710,G0339,H020,17-11-2024,Suite,Website,5,35514.33
B01711,G0319,H020,04-08-2026,Deluxe,Website,1,4709.01
B01712,G0281,H017,20-06-2025,Standard,Travel Agent,2,8412.99
B01713,G0287,H010,15-06-2025,Standard,Website,1,3511.85
B01714,G0251,H014,25-05-2026,Standard,Mobile App,7,21668.71
B01715,G0101,H013,02-10-2025,Deluxe,Mobile App,4,15572.53
B01716,G0327,H015,07-10-2024,Standard,Travel Agent,2,7164.56
B01717,G0253,H011,11-05-2024,Executive,Website,5,31144.31
B01718,G0203,H005,12-01-2025,Standard,Travel Agent,3,10479.19
B01719,G0040,H011,23-10-2025,Standard,Website,5,12720.87
B01720,G0155,H011,25-11-2025,Deluxe,Mobile App,5,19193.26
B01721,G0162,H023,07-05-2026,Standard,Website,1,2626.1
B01722,G0316,H006,19-06-2025,Executive,Website,4,32372.02
B01723,G0199,H003,12-12-2024,Standard,Travel Agent,3,11838.44
B01724,G0136,H014,21-06-2025,Deluxe,Mobile App,1,5479.91
B01725,G0349,H015,07-05-2026,Standard,Travel Agent,5,18218.41
B01726,G0040,H021,27-02-2024,Deluxe,Website,3,15973.02
B01727,G0147,H002,05-05-2025,Standard,Travel Agent,7,22316.66
B01728,G0014,H017,20-05-2024,Standard,Mobile App,3,11412.03
B01729,G0272,H025,02-01-2026,Standard,Website,4,13265.36
B01730,G0332,H002,10-03-2024,Standard,Website,2,5728.05
B01731,G0108,H023,23-12-2024,Standard,Walk-in,3,9300.98
B01732,G0316,H007,10-02-2025,Standard,Website,3,10464.08
B01733,G0115,H018,24-08-2025,Standard,Mobile App,5,15239.6
B01734,G0328,H011,19-09-2024,Standard,Walk-in,2,5950.65
B01735,G0277,H001,12-07-2025,Standard,Phone,4,12236.05
B01736,G0294,H006,16-12-2025,Standard,Mobile App,1,3744.33
B01737,G0009,H007,19-07-2025,Suite,Travel Agent,2,18982.14
B01738,G0346,H019,07-08-2024,Suite,Mobile App,1,9350.29
B01739,G0269,H009,03-08-2025,Standard,Website,1,4216.97
B01740,G0116,H011,31-05-2026,Standard,Phone,2,5498.3
B01741,G0306,H020,04-02-2025,Suite,Phone,3,23606.66
B01742,G0109,H022,25-03-2026,Suite,Website,3,34305.75
B01743,G0320,H001,01-06-2026,Deluxe,Walk-in,7,33296.67
B01744,G0040,H015,06-11-2024,Standard,Mobile App,1,3478.17
B01745,G0265,H021,08-08-2024,Standard,Mobile App,5,15182.29
B01746,G0196,H021,03-03-2025,Standard,Travel Agent,7,22561.65
B01747,G0032,H015,07-12-2025,Executive,Walk-in,5,38807.59
B01748,G0095,H021,30-07-2026,Deluxe,Travel Agent,1,5613.96
B01749,G0005,H006,10-03-2026,Standard,Website,2,7384.1
B01750,G0167,H023,16-08-2025,Deluxe,Website,4,17134.84
B01751,G0116,H023,18-01-2026,Standard,Website,4,10163.71
B01752,G0225,H014,24-05-2025,Suite,Mobile App,10,92410.83
B01753,G0115,H022,09-01-2025,Standard,Travel Agent,2,7390.51
B01754,G0116,H007,05-05-2025,Suite,Website,2,19788.56
B01755,G0273,H023,28-08-2024,Standard,Website,3,9394.39
B01756,G0015,H018,20-10-2025,Executive,Mobile App,2,13345.37
B01757,G0325,H010,18-02-2024,Standard,Mobile App,2,6727.73
B01758,G0316,H012,16-06-2024,Deluxe,Mobile App,3,11798.94
B01759,G0252,H021,22-01-2026,Standard,Website,2,6719.48
B01760,G0222,H025,21-12-2024,Standard,Walk-in,4,13528.26
B01761,G0321,H014,09-07-2025,Standard,Mobile App,3,11113.27
B01762,G0071,H012,06-09-2025,Deluxe,Mobile App,3,13483.06
B01763,G0029,H002,30-06-2026,Standard,Walk-in,14,36701.49
B01764,G0094,H018,15-12-2024,Deluxe,Travel Agent,5,21911.89
B01765,G0289,H007,28-06-2026,Suite,Mobile App,5,49568
B01766,G0014,H018,28-05-2025,Standard,Website,1,3174.15
B01767,G0216,H006,11-11-2025,Deluxe,Travel Agent,4,20265.98
B01768,G0350,H024,29-11-2024,Suite,Mobile App,7,54115.96
B01769,G0316,H013,19-04-2026,Standard,Mobile App,2,6092.19
B01770,G0188,H008,18-04-2024,Deluxe,Mobile App,5,27847.98
B01771,G0024,H023,11-07-2024,Standard,Travel Agent,3,7786.38
B01772,G0306,H003,27-05-2024,Deluxe,Website,4,22293.12
B01773,G0226,H018,07-07-2025,Deluxe,Phone,1,3797.03
B01774,G0042,H004,29-10-2024,Standard,Walk-in,4,10267.66
B01775,G0032,H004,19-06-2026,Standard,Mobile App,2,6016.95
B01776,G0328,H011,03-11-2024,Standard,Website,2,5865.57
B01777,G0253,H021,04-05-2025,Deluxe,Website,3,13498.35
B01778,G0306,H012,23-11-2024,Standard,Travel Agent,5,13943.14
B01779,G0320,H025,22-12-2025,Standard,Travel Agent,3,9790.71
B01780,G0211,H016,02-04-2026,Executive,Mobile App,10,65385.74
B01781,G0188,H016,29-03-2024,Standard,Website,2,6202.88
B01782,G0149,H004,08-10-2025,Deluxe,Travel Agent,2,9626.4
B01783,G0120,H011,05-02-2024,Standard,Travel Agent,5,13357.94
B01784,G0151,H004,24-02-2025,Standard,Website,5,15332.92
B01785,G0284,H015,03-07-2026,Standard,Website,2,7930.26
B01786,G0226,H018,06-05-2026,Deluxe,Website,3,13539.38
B01787,G0321,H006,17-05-2025,Executive,Website,1,6885.81
B01788,G0154,H014,05-12-2024,Standard,Website,5,15690.38
B01789,G0229,H008,05-07-2026,Standard,Travel Agent,5,18607.34
B01790,G0239,H013,02-03-2026,Standard,Website,2,5996.25
B01791,G0221,H016,15-05-2026,Standard,Mobile App,4,12632.63
B01792,G0265,H006,13-04-2024,Standard,Travel Agent,7,24069.14
B01793,G0094,H016,24-03-2025,Standard,Travel Agent,1,2887.62
B01794,G0185,H012,11-12-2025,Deluxe,Website,3,12218.54
B01795,G0036,H023,06-04-2026,Standard,Website,2,6368.13
B01796,G0136,H016,01-01-2025,Standard,Walk-in,7,21930.11
B01797,G0178,H001,03-05-2024,Standard,Mobile App,3,8496.81
B01798,G0242,H012,13-07-2025,Deluxe,Mobile App,10,44690.76
B01799,G0344,H014,19-08-2025,Standard,Website,1,3221.68
B01800,G0226,H023,08-04-2026,Standard,Mobile App,3,7585.55
B01801,G0274,H022,21-06-2025,Standard,Mobile App,2,8399.42
B01802,G0182,H008,23-11-2024,Suite,Walk-in,1,9015.41
B01803,G0239,H007,05-05-2025,Standard,Mobile App,3,10262.4
B01804,G0026,H003,06-08-2026,Standard,Website,3,12741.15
B01805,G0101,H016,10-03-2024,Deluxe,Phone,3,12118.26
B01806,G0131,H014,10-02-2026,Suite,Mobile App,2,17091.42
B01807,G0170,H025,02-03-2024,Standard,Walk-in,4,11985.81
B01808,G0015,H024,19-06-2026,Executive,Mobile App,3,20101.21
B01809,G0054,H005,05-02-2026,Deluxe,Phone,3,14892.28
B01810,G0107,H025,11-06-2026,Deluxe,Website,3,15229.05
B01811,G0348,H014,17-03-2024,Deluxe,Mobile App,3,15999.73
B01812,G0122,H005,06-03-2026,Suite,Website,2,17172.69
B01813,G0175,H011,27-10-2025,Standard,Mobile App,2,5471.4
B01814,G0073,H017,26-04-2025,Deluxe,Travel Agent,5,29913.47
B01815,G0232,H022,27-07-2025,Deluxe,Travel Agent,3,17433
B01816,G0109,H023,03-04-2024,Deluxe,Website,3,13328.8
B01817,G0078,H021,14-09-2024,Standard,Website,2,6795.53
B01818,G0188,H011,16-11-2024,Executive,Mobile App,2,11719.04
B01819,G0002,H011,25-04-2026,Deluxe,Mobile App,2,8450.08
B01820,G0002,H007,05-11-2025,Suite,Walk-in,1,9668.42
B01821,G0085,H007,29-10-2024,Deluxe,Mobile App,3,14574.89
B01822,G0014,H015,28-03-2026,Deluxe,Website,4,25567.74
B01823,G0038,H008,15-10-2025,Standard,Travel Agent,5,15624.11
B01824,G0123,H016,25-10-2025,Standard,Mobile App,4,12690.95
B01825,G0293,H018,15-04-2025,Standard,Website,1,2607.1
B01826,G0211,H018,21-05-2025,Executive,Website,1,6801.18
B01827,G0185,H016,08-08-2026,Deluxe,Phone,3,12212.84
B01828,G0115,H014,29-06-2026,Standard,Website,2,7568.96
B01829,G0339,H004,01-09-2025,Deluxe,Mobile App,1,3970.16
B01830,G0139,H025,05-01-2025,Suite,Website,5,42893.25
B01831,G0029,H018,15-07-2025,Standard,Travel Agent,7,21004.95
B01832,G0233,H002,28-07-2024,Suite,Mobile App,1,7383.01
B01833,G0041,H024,01-10-2025,Standard,Mobile App,2,5905.64
B01834,G0124,H025,07-08-2025,Standard,Mobile App,5,15494.53
B01835,G0183,H019,21-05-2026,Standard,Website,5,18275.74
B01836,G0320,H018,04-07-2025,Deluxe,Phone,1,4557.48
B01837,G0180,H016,07-06-2025,Standard,Website,2,5378.83
B01838,G0265,H006,16-09-2025,Suite,Walk-in,2,15944.02
B01839,G0350,H010,18-11-2025,Standard,Walk-in,5,16710.66
B01840,G0052,H004,25-08-2024,Suite,Mobile App,2,14063.95
B01841,G0105,H020,30-05-2026,Suite,Website,4,28538.47
B01842,G0138,H016,20-11-2025,Standard,Walk-in,2,5069
B01843,G0147,H020,03-06-2025,Standard,Mobile App,1,2621.16
B01844,G0144,H020,20-03-2024,Suite,Travel Agent,1,7507.51
B01845,G0327,H011,11-08-2024,Standard,Website,4,12595.67
B01846,G0265,H020,23-01-2025,Suite,Phone,4,31224.82
B01847,G0230,H023,22-10-2025,Standard,Travel Agent,1,2920.16
B01848,G0117,H013,03-01-2025,Standard,Mobile App,2,5633.79
B01849,G0302,H009,23-03-2025,Standard,Website,7,25722.1
B01850,G0344,H006,10-06-2024,Standard,Mobile App,3,10236.46
B01851,G0302,H002,19-07-2024,Executive,Mobile App,4,22139.84
B01852,G0001,H006,26-07-2026,Standard,Travel Agent,1,3039.06
B01853,G0239,H009,12-08-2026,Deluxe,Website,5,27692.59
B01854,G0015,H008,07-02-2025,Standard,Website,1,3693.72
B01855,G0101,H002,27-09-2025,Deluxe,Travel Agent,5,23450.74
B01856,G0021,H006,28-01-2026,Standard,Mobile App,2,6224.61
B01857,G0227,H007,18-01-2024,Deluxe,Website,4,19174.98
B01858,G0259,H006,12-03-2026,Deluxe,Travel Agent,3,14752.52
B01859,G0041,H005,02-07-2024,Deluxe,Website,4,19454.67
B01860,G0136,H025,24-06-2024,Standard,Walk-in,3,11138.21
B01861,G0159,H005,07-02-2025,Standard,Mobile App,5,15867.15
B01862,G0133,H012,15-09-2025,Deluxe,Website,2,7927.8
B01863,G0045,H023,22-04-2024,Standard,Mobile App,4,10267.81
B01864,G0146,H005,21-01-2025,Standard,Mobile App,4,14132.94
B01865,G0276,H018,24-04-2026,Deluxe,Mobile App,3,14370.63
B01866,G0026,H012,19-10-2025,Suite,Mobile App,5,37548.74
B01867,G0029,H017,14-09-2024,Executive,Website,5,38007.65
B01868,G0128,H007,22-04-2026,Standard,Phone,5,15345.16
B01869,G0342,H014,14-07-2026,Standard,Website,1,3376.05
B01870,G0253,H001,07-02-2026,Standard,Travel Agent,4,11339.83
B01871,G0257,H025,27-08-2025,Deluxe,Mobile App,2,9526.65
B01872,G0131,H008,17-01-2024,Executive,Website,2,15267.63
B01873,G0223,H007,15-01-2025,Deluxe,Mobile App,1,5634.63
B01874,G0004,H004,03-08-2026,Standard,Website,2,5581.18
B01875,G0239,H014,31-10-2025,Standard,Website,5,17146.14
B01876,G0328,H016,11-02-2024,Standard,Website,2,5749.4
B01877,G0232,H004,12-01-2024,Standard,Travel Agent,2,5074.56
B01878,G0320,H021,11-07-2025,Deluxe,Website,2,10899.51
B01879,G0268,H012,16-04-2025,Deluxe,Website,1,4322.85
B01880,G0045,H015,06-05-2024,Suite,Mobile App,3,32637.35
B01881,G0325,H024,15-07-2025,Deluxe,Mobile App,14,55173.95
B01882,G0025,H013,24-04-2026,Standard,Travel Agent,4,11858.57
B01883,G0193,H005,27-05-2024,Suite,Website,3,25725.36
B01884,G0056,H002,13-08-2024,Standard,Website,1,2812.86
B01885,G0005,H014,17-10-2025,Suite,Walk-in,2,18444.23
B01886,G0147,H007,27-07-2026,Standard,Website,5,15964.55
B01887,G0115,H003,03-04-2026,Standard,Walk-in,1,4067.53
B01888,G0177,H003,26-04-2024,Deluxe,Walk-in,2,12360.54
B01889,G0212,H016,16-01-2025,Executive,Website,3,20201.27
B01890,G0015,H021,05-07-2025,Deluxe,Mobile App,3,16486.23
B01891,G0047,H017,26-08-2025,Deluxe,Walk-in,4,21964.33
B01892,G0202,H001,14-04-2026,Standard,Website,7,19112.79
B01893,G0124,H013,11-01-2026,Standard,Mobile App,5,13501.75
B01894,G0270,H018,29-01-2025,Standard,Travel Agent,5,13470.58
B01895,G0242,H005,15-07-2026,Executive,Travel Agent,3,21307.15
B01896,G0313,H014,13-02-2025,Deluxe,Website,2,10464.74
B01897,G0262,H022,08-08-2026,Standard,Website,5,19209.57
B01898,G0148,H014,14-04-2026,Standard,Mobile App,1,3748.05
B01899,G0254,H010,28-10-2025,Standard,Walk-in,3,11295.4
B01900,G0106,H007,25-08-2025,Standard,Walk-in,2,6955.87
B01901,G0117,H011,17-06-2024,Standard,Website,2,5156.03
B01902,G0287,H003,22-07-2025,Suite,Website,3,31308.76
B01903,G0155,H023,20-08-2025,Deluxe,Phone,1,3966.45
B01904,G0290,H010,16-05-2024,Executive,Mobile App,4,31341.44
B01905,G0302,H022,31-12-2024,Deluxe,Website,7,39285.7
B01906,G0316,H019,09-02-2024,Standard,Website,1,3735.63
B01907,G0331,H006,12-05-2026,Suite,Walk-in,3,25669.4
B01908,G0149,H020,25-10-2024,Suite,Website,3,21029.72
B01909,G0120,H020,18-04-2025,Suite,Website,4,30861.69
B01910,G0215,H020,23-05-2025,Standard,Website,2,5514.12
B01911,G0134,H023,15-06-2024,Deluxe,Mobile App,10,41017.19
B01912,G0226,H023,19-02-2026,Suite,Mobile App,7,57674.63
B01913,G0265,H010,17-05-2026,Deluxe,Website,2,10663.42
B01914,G0260,H003,07-02-2024,Standard,Walk-in,1,4377.51
B01915,G0136,H005,09-05-2024,Deluxe,Website,2,9713.64
B01916,G0064,H023,08-01-2025,Deluxe,Mobile App,7,31371.78
B01917,G0149,H018,18-11-2025,Deluxe,Website,4,18881.48
B01918,G0056,H002,02-11-2025,Standard,Mobile App,2,5108.48
B01919,G0321,H009,11-05-2026,Standard,Walk-in,2,8694.72
B01920,G0124,H023,13-03-2026,Suite,Mobile App,5,40737.01
B01921,G0058,H014,25-12-2025,Deluxe,Phone,4,22144.07
B01922,G0011,H001,07-07-2024,Suite,Website,2,13849.56
B01923,G0241,H011,15-06-2026,Standard,Walk-in,2,5885.49
B01924,G0239,H007,11-10-2024,Deluxe,Mobile App,4,20971.5
B01925,G0123,H011,29-12-2025,Suite,Mobile App,1,7655.25
B01926,G0027,H017,24-04-2026,Standard,Website,4,16975.2
B01927,G0143,H009,24-03-2026,Deluxe,Walk-in,14,84215.58
B01928,G0117,H007,18-09-2025,Standard,Phone,5,16746.95
B01929,G0257,H019,06-01-2026,Deluxe,Mobile App,4,18062.21
B01930,G0228,H001,06-12-2024,Standard,Mobile App,4,11408.65
B01931,G0131,H014,18-06-2026,Executive,Walk-in,3,20342.32
B01932,G0084,H019,18-11-2024,Standard,Website,7,25742.42
B01933,G0350,H008,16-04-2026,Deluxe,Mobile App,2,8931.42
B01934,G0158,H002,22-08-2024,Standard,Walk-in,2,5043.15
B01935,G0260,H003,18-02-2024,Suite,Website,5,52868.46
B01936,G0054,H001,02-03-2025,Deluxe,Phone,4,17808.08
B01937,G0177,H025,09-11-2024,Deluxe,Website,14,66147.49
B01938,G0012,H018,08-11-2025,Standard,Website,2,6424.99
B01939,G0181,H024,28-07-2025,Standard,Mobile App,1,2999.56
B01940,G0346,H011,22-03-2024,Deluxe,Phone,1,3916.37
B01941,G0136,H024,06-02-2026,Standard,Travel Agent,4,11243.61
B01942,G0014,H014,16-07-2026,Standard,Website,1,3743.22
B01943,G0014,H018,12-11-2024,Deluxe,Mobile App,1,3943.35
B01944,G0136,H001,04-05-2024,Executive,Website,4,26150.69
B01945,G0061,H006,03-10-2024,Standard,Mobile App,1,3606.32
B01946,G0009,H015,21-06-2026,Deluxe,Mobile App,3,18787.47
B01947,G0278,H003,16-03-2026,Standard,Mobile App,1,4326.78
B01948,G0161,H001,12-01-2026,Executive,Mobile App,10,65497.26
B01949,G0114,H006,05-03-2024,Standard,Website,5,17076.76
B01950,G0323,H025,15-05-2025,Deluxe,Website,5,27212.56
B01951,G0043,H004,18-03-2025,Suite,Travel Agent,2,14128.21
B01952,G0344,H021,27-09-2025,Deluxe,Mobile App,4,22679.34
B01953,G0119,H008,01-02-2026,Suite,Phone,4,36793.5
B01954,G0321,H013,13-04-2025,Standard,Mobile App,7,17818.26
B01955,G0226,H001,26-06-2025,Deluxe,Website,3,12513.49
B01956,G0303,H014,12-12-2024,Deluxe,Website,2,10069.31
B01957,G0350,H004,17-05-2024,Deluxe,Mobile App,1,3922.56
B01958,G0113,H018,06-05-2026,Executive,Travel Agent,2,12674.84
B01959,G0346,H021,03-02-2024,Standard,Website,5,16079.95
B01960,G0136,H004,29-05-2026,Standard,Website,10,26158.44
B01961,G0136,H013,21-09-2024,Executive,Website,5,34359.83
B01962,G0123,H012,27-06-2025,Standard,Website,2,5071.83
B01963,G0197,H011,18-10-2024,Standard,Website,1,2887.47
B01964,G0058,H004,05-09-2025,Standard,Website,2,5507.3
B01965,G0200,H004,28-06-2026,Standard,Website,5,13410.32
B01966,G0197,H010,10-10-2024,Suite,Mobile App,3,29598.29
B01967,G0280,H023,11-04-2026,Deluxe,Mobile App,4,16368.27
B01968,G0307,H004,05-01-2026,Suite,Travel Agent,1,8472.82
B01969,G0153,H003,06-03-2025,Deluxe,Website,1,5238.97
B01970,G0116,H001,25-08-2025,Standard,Mobile App,2,5545.58
B01971,G0101,H004,08-07-2025,Standard,Mobile App,3,9227.62
B01972,G0073,H011,24-03-2024,Standard,Mobile App,3,9380.05
B01973,G0020,H001,07-10-2025,Deluxe,Travel Agent,1,4554.75
B01974,G0123,H022,21-04-2026,Deluxe,Phone,1,5887.61
B01975,G0104,H019,06-10-2024,Suite,Travel Agent,1,9176.48
B01976,G0346,H014,01-03-2024,Standard,Travel Agent,1,3409.55
B01977,G0201,H005,18-12-2024,Standard,Mobile App,7,22478.47
B01978,G0124,H020,12-09-2024,Suite,Website,2,15931.27
B01979,G0214,H001,24-05-2025,Executive,Mobile App,1,5779.4
B01980,G0053,H019,11-05-2024,Standard,Mobile App,1,3527.87
B01981,G0154,H023,15-05-2024,Standard,Phone,4,12127.51
B01982,G0237,H005,19-07-2026,Executive,Website,1,6376.99
B01983,G0179,H023,27-06-2026,Standard,Travel Agent,2,5517.9
B01984,G0140,H005,02-04-2025,Standard,Mobile App,1,3278.19
B01985,G0350,H013,24-02-2025,Deluxe,Travel Agent,2,7983.25
B01986,G0321,H005,12-10-2025,Standard,Mobile App,5,18412.01
B01987,G0235,H008,15-05-2026,Deluxe,Phone,2,9545.53
B01988,G0209,H015,19-03-2025,Standard,Travel Agent,5,20698.02
B01989,G0234,H010,26-01-2026,Standard,Website,2,6415.45
B01990,G0075,H014,30-06-2024,Suite,Mobile App,4,32437.86
B01991,G0138,H012,10-04-2025,Standard,Website,1,3124.69
B01992,G0014,H016,09-05-2026,Executive,Website,3,18171.58
B01993,G0171,H001,16-05-2024,Suite,Mobile App,2,17199.35
B01994,G0197,H017,18-07-2025,Deluxe,Website,2,11340.7
B01995,G0089,H023,12-03-2026,Standard,Walk-in,3,8211.46
B01996,G0346,H001,17-02-2025,Standard,Phone,1,3149.14
B01997,G0328,H008,15-09-2024,Suite,Travel Agent,3,27967.73
B01998,G0267,H017,29-03-2026,Executive,Mobile App,10,73508.77
B01999,G0192,H011,21-01-2024,Suite,Travel Agent,2,14779.86
B02000,G0319,H007,21-12-2025,Standard,Travel Agent,4,13298.1
B02001,G0051,H009,28-03-2026,Deluxe,Mobile App,3,19537.84
B02002,G0287,H019,26-03-2026,Standard,Mobile App,3,11126.86
B02003,G0048,H002,28-11-2024,Suite,Mobile App,4,30993.64
B02004,G0288,H008,30-08-2025,Standard,Mobile App,4,12235.35
B02005,G0106,H005,06-07-2026,Standard,Walk-in,1,3314.21
B02006,G0320,H003,04-04-2026,Standard,Phone,3,12333.44
B02007,G0342,H024,14-08-2024,Standard,Mobile App,1,2528.19
B02008,G0057,H014,24-08-2025,Standard,Website,3,10035.5
B02009,G0164,H003,02-08-2024,Standard,Website,1,4193.96
B02010,G0350,H020,21-03-2026,Deluxe,Mobile App,4,15305.52
B02011,G0176,H018,24-09-2025,Standard,Travel Agent,4,12673.44
B02012,G0316,H007,16-05-2025,Suite,Walk-in,1,9079.44
B02013,G0220,H019,22-08-2024,Standard,Mobile App,2,6536.8
B02014,G0136,H018,08-04-2025,Deluxe,Website,1,4438.57
B02015,G0112,H022,22-01-2024,Standard,Website,1,4129.28
B02016,G0076,H006,20-01-2026,Standard,Website,1,3354.27
B02017,G0280,H015,08-11-2025,Standard,Website,1,4295.65
B02018,G0136,H012,28-07-2024,Deluxe,Walk-in,2,9002.2
B02019,G0184,H023,12-10-2024,Standard,Walk-in,3,7576.01
B02020,G0180,H002,22-09-2025,Deluxe,Travel Agent,7,27257.65
B02021,G0212,H006,21-02-2026,Standard,Website,1,3162.97
B02022,G0317,H009,30-03-2025,Deluxe,Travel Agent,5,29494.38
B02023,G0350,H019,11-07-2026,Suite,Walk-in,14,138965.87
B02024,G0142,H020,10-06-2024,Deluxe,Mobile App,10,42261.31
B02025,G0304,H015,17-09-2025,Standard,Website,1,4125.41
B02026,G0280,H001,01-03-2026,Standard,Website,4,11381.63
B02027,G0211,H019,02-08-2024,Standard,Travel Agent,7,22143.54
B02028,G0344,H018,18-12-2025,Executive,Website,3,20292
B02029,G0074,H023,17-08-2025,Deluxe,Website,3,13037.93
B02030,G0039,H005,25-08-2024,Standard,Website,5,17113.36
B02031,G0316,H008,16-03-2024,Deluxe,Website,3,13728.88
B02032,G0152,H011,24-09-2024,Deluxe,Walk-in,1,4295.03
B02033,G0314,H007,08-05-2026,Standard,Travel Agent,4,12189.72
B02034,G0321,H020,31-05-2024,Standard,Mobile App,3,7728.33
B02035,G0023,H011,25-02-2026,Deluxe,Travel Agent,14,57883.92
B02036,G0321,H025,03-02-2024,Standard,Website,3,8980.79
B02037,G0155,H001,09-07-2026,Standard,Website,4,11863.71
B02038,G0183,H003,20-01-2026,Deluxe,Mobile App,5,28838.31
B02039,G0237,H021,06-08-2026,Standard,Travel Agent,4,13892.89
B02040,G0337,H005,06-01-2026,Executive,Website,4,31114.4
B02041,G0009,H021,21-05-2026,Standard,Website,1,3424.41
B02042,G0171,H020,31-05-2024,Deluxe,Mobile App,2,8656.67
B02043,G0260,H003,25-02-2026,Standard,Walk-in,2,8038.03
B02044,G0268,H011,13-02-2024,Standard,Website,2,5076.75
B02045,G0262,H002,05-09-2025,Standard,Website,2,5523.49
B02046,G0053,H003,15-12-2024,Standard,Mobile App,3,11438.8
B02047,G0116,H004,30-07-2025,Standard,Website,2,5358.98
B02048,G0130,H012,25-11-2024,Deluxe,Mobile App,5,23021.98
B02049,G0294,H024,14-03-2026,Standard,Travel Agent,3,7671.38
B02050,G0107,H008,31-07-2024,Standard,Walk-in,3,10452.43
B02051,G0079,H001,16-03-2026,Suite,Travel Agent,10,83552.93
B02052,G0345,H006,22-06-2025,Standard,Website,5,18701.21
B02053,G0003,H013,17-07-2026,Standard,Mobile App,7,22124.65
B02054,G0350,H001,26-01-2026,Standard,Travel Agent,10,29706.44
B02055,G0256,H016,07-08-2026,Deluxe,Phone,3,12530.98
B02056,G0305,H007,21-02-2026,Deluxe,Website,2,9304.55
B02057,G0115,H005,31-01-2025,Deluxe,Mobile App,2,9344.22
B02058,G0007,H021,08-08-2025,Deluxe,Travel Agent,2,9313.79
B02059,G0271,H014,05-09-2024,Suite,Website,4,39338.6
B02060,G0307,H007,22-05-2026,Standard,Phone,2,6710.37
B02061,G0273,H013,11-02-2024,Standard,Phone,2,5536.55
B02062,G0056,H012,07-02-2026,Suite,Walk-in,1,7506.15
B02063,G0277,H024,26-11-2024,Deluxe,Website,4,16354.1
B02064,G0283,H001,20-06-2026,Deluxe,Mobile App,2,9223.4
B02065,G0247,H017,05-01-2026,Deluxe,Walk-in,3,19355.33
B02066,G0281,H008,01-03-2026,Deluxe,Mobile App,3,15243.3
B02067,G0313,H009,01-07-2024,Standard,Phone,2,8438.06
B02068,G0233,H022,04-03-2024,Deluxe,Website,4,20891.77
B02069,G0029,H010,23-05-2026,Standard,Walk-in,1,3605.53
B02070,G0178,H007,29-12-2024,Suite,Website,2,19066.79
B02071,G0029,H024,08-02-2025,Standard,Website,1,2586.2
B02072,G0142,H015,06-09-2025,Deluxe,Travel Agent,4,23672.69
B02073,G0142,H007,13-09-2025,Standard,Website,4,13521.89
B02074,G0025,H013,17-05-2024,Deluxe,Phone,1,4206.98
B02075,G0126,H024,05-02-2024,Standard,Website,4,12211.79
B02076,G0040,H025,23-05-2025,Executive,Phone,1,8072.51
B02077,G0295,H014,19-06-2026,Suite,Travel Agent,3,23950.64
B02078,G0344,H006,22-07-2026,Standard,Website,5,17288.55
B02079,G0028,H025,08-12-2024,Standard,Mobile App,5,17031.58
B02080,G0344,H008,14-01-2024,Deluxe,Website,3,15229.86
B02081,G0188,H010,16-01-2026,Suite,Mobile App,10,99738.1
B02082,G0116,H001,27-07-2026,Suite,Travel Agent,2,15786.53
B02083,G0029,H005,20-12-2024,Suite,Website,3,29261.51
B02084,G0180,H021,24-02-2026,Suite,Website,3,25394.04
B02085,G0288,H017,24-05-2025,Deluxe,Walk-in,3,18663.34
B02086,G0265,H007,21-02-2025,Standard,Travel Agent,7,24322.38
B02087,G0015,H005,31-12-2025,Standard,Mobile App,2,6638.18
B02088,G0028,H009,04-04-2024,Executive,Travel Agent,5,39718.27
B02089,G0140,H018,16-06-2025,Standard,Travel Agent,5,14806.67
B02090,G0115,H008,05-11-2025,Deluxe,Mobile App,2,10880.23
B02091,G0092,H017,17-02-2024,Deluxe,Website,1,6255.08
B02092,G0109,H002,19-01-2024,Executive,Walk-in,1,6727.41
B02093,G0294,H013,06-03-2026,Standard,Mobile App,5,15269.58
B02094,G0339,H005,30-01-2025,Deluxe,Website,7,33068.88
B02095,G0141,H025,28-06-2024,Standard,Walk-in,2,7297.54
B02096,G0326,H018,05-10-2025,Standard,Mobile App,3,9339.61
B02097,G0121,H025,10-03-2025,Deluxe,Walk-in,3,17038.43
B02098,G0171,H009,01-05-2026,Standard,Phone,1,3716.61
B02099,G0088,H001,21-07-2025,Suite,Phone,4,29569.57
B02100,G0241,H016,31-08-2024,Suite,Walk-in,4,30964.56
B02101,G0350,H002,21-02-2025,Standard,Mobile App,3,7820.69
B02102,G0227,H022,14-04-2024,Standard,Travel Agent,1,4209.99
B02103,G0130,H012,03-06-2025,Executive,Mobile App,1,5834.02
B02104,G0241,H006,10-08-2025,Executive,Travel Agent,2,13647.56
B02105,G0047,H006,06-04-2026,Standard,Mobile App,3,11256.54
B02106,G0321,H025,06-03-2025,Deluxe,Walk-in,5,26370.7
B02107,G0180,H021,23-03-2026,Deluxe,Mobile App,4,21203.15
B02108,G0155,H003,22-02-2026,Suite,Website,3,30341.28
B02109,G0218,H021,28-01-2025,Executive,Website,2,13108.42
B02110,G0236,H025,24-06-2024,Deluxe,Website,3,17004.73
B02111,G0027,H006,18-07-2024,Suite,Website,5,48753.29
B02112,G0258,H010,16-08-2024,Suite,Travel Agent,2,18425.32
B02113,G0095,H014,26-02-2024,Deluxe,Website,3,13957.34
B02114,G0265,H004,17-10-2025,Deluxe,Mobile App,7,31178.23
B02115,G0302,H024,27-06-2024,Standard,Mobile App,14,37515.48
B02116,G0294,H008,10-07-2026,Standard,Travel Agent,7,24574.6
B02117,G0199,H017,09-07-2026,Standard,Walk-in,4,16892.18
B02118,G0188,H001,18-10-2024,Suite,Phone,5,34854.42
B02119,G0056,H023,25-05-2024,Deluxe,Mobile App,1,4624.81
B02120,G0285,H005,13-03-2026,Standard,Travel Agent,3,9284.11
B02121,G0104,H009,07-11-2025,Standard,Mobile App,3,11266.11
B02122,G0180,H003,11-06-2026,Executive,Website,3,26981.5
B02123,G0110,H022,10-04-2024,Suite,Walk-in,4,44953.77
B02124,G0053,H019,17-11-2024,Standard,Phone,1,3670.17
B02125,G0238,H009,06-03-2026,Standard,Website,3,12489.7
B02126,G0017,H017,20-05-2026,Standard,Walk-in,5,21098.84
B02127,G0276,H016,27-12-2025,Suite,Website,3,23140.68
B02128,G0120,H013,06-09-2025,Executive,Mobile App,14,78052.46
B02129,G0001,H013,20-02-2026,Deluxe,Website,3,13905.09
B02130,G0184,H001,15-04-2025,Standard,Website,3,8845.34
B02131,G0015,H003,13-05-2025,Standard,Mobile App,5,18665.83
B02132,G0106,H014,09-04-2025,Suite,Walk-in,3,29681.84
B02133,G0265,H021,29-03-2025,Standard,Website,4,12622.97
B02134,G0023,H009,21-10-2024,Standard,Mobile App,2,7390.38
B02135,G0311,H002,15-06-2024,Deluxe,Mobile App,1,4203.38
B02136,G0001,H014,02-06-2026,Deluxe,Mobile App,2,10297.24
B02137,G0097,H024,04-04-2024,Suite,Travel Agent,5,42401.52
B02138,G0273,H002,03-08-2026,Executive,Mobile App,7,38501.34
B02139,G0120,H009,07-03-2026,Standard,Phone,4,14709.54
B02140,G0035,H007,25-08-2025,Standard,Website,7,26332.35
B02141,G0131,H012,17-11-2024,Deluxe,Website,2,9578.13
B02142,G0104,H015,21-04-2024,Deluxe,Website,1,6353.95
B02143,G0312,H022,26-12-2024,Standard,Mobile App,1,3534.41
B02144,G0118,H008,02-06-2026,Suite,Phone,2,17999.7
B02145,G0287,H019,16-03-2026,Executive,Mobile App,1,7164.06
B02146,G0321,H022,01-07-2026,Deluxe,Website,3,18532.53
B02147,G0151,H019,21-06-2024,Standard,Website,2,6790.16
B02148,G0328,H004,17-04-2026,Standard,Website,1,2836.22
B02149,G0136,H009,29-11-2025,Suite,Mobile App,3,34636.78
B02150,G0346,H015,15-07-2026,Deluxe,Mobile App,3,19342.99
B02151,G0029,H001,17-03-2024,Suite,Mobile App,5,42133.75
B02152,G0259,H018,26-08-2025,Suite,Website,1,7723.92
B02153,G0180,H006,07-11-2025,Deluxe,Website,5,27161.32
B02154,G0136,H020,04-12-2025,Standard,Travel Agent,5,13410.7
B02155,G0239,H018,22-04-2026,Standard,Website,3,8701.37
B02156,G0265,H014,22-11-2024,Standard,Website,4,15065.47
B02157,G0002,H016,24-01-2024,Suite,Mobile App,4,30215.17
B02158,G0065,H004,28-11-2025,Deluxe,Travel Agent,2,9530.21
B02159,G0265,H013,29-08-2024,Deluxe,Walk-in,5,18981.17
B02160,G0251,H001,26-05-2026,Standard,Website,3,7918.97
B02161,G0346,H021,17-08-2024,Standard,Travel Agent,1,3298.51
B02162,G0280,H022,13-06-2026,Standard,Travel Agent,3,11559.04
B02163,G0344,H022,17-04-2024,Standard,Mobile App,4,15699.77
B02164,G0265,H006,27-02-2026,Standard,Mobile App,2,6604.58
B02165,G0116,H025,12-04-2025,Deluxe,Website,3,16252.85
B02166,G0037,H008,25-10-2025,Standard,Mobile App,2,6850.39
B02167,G0286,H006,17-01-2024,Standard,Walk-in,5,18165.33
B02168,G0241,H023,11-09-2025,Deluxe,Travel Agent,3,14411.28
B02169,G0015,H023,05-04-2026,Deluxe,Mobile App,2,7832.98
B02170,G0131,H020,22-06-2026,Standard,Travel Agent,3,8881.98
B02171,G0344,H003,24-10-2025,Standard,Mobile App,3,11589.32
B02172,G0180,H023,10-10-2024,Deluxe,Website,7,28189.31
B02173,G0150,H013,10-03-2026,Standard,Mobile App,3,9601.43
B02174,G0161,H001,10-07-2024,Executive,Mobile App,2,11033.98
B02175,G0078,H003,20-09-2025,Deluxe,Travel Agent,2,12024.99
B02176,G0132,H013,19-05-2025,Deluxe,Walk-in,3,12714.86
B02177,G0133,H023,24-05-2025,Suite,Walk-in,1,7717.72
B02178,G0016,H016,19-07-2024,Executive,Website,3,17632.14
B02179,G0282,H001,20-06-2025,Standard,Website,3,8058.71
B02180,G0146,H023,23-02-2024,Standard,Website,7,19405.75
B02181,G0302,H013,03-02-2025,Deluxe,Website,2,7640.46
B02182,G0316,H004,20-11-2025,Standard,Walk-in,1,3042.53
B02183,G0079,H012,22-05-2026,Standard,Website,3,8527.44
B02184,G0246,H007,13-07-2026,Standard,Walk-in,3,9380.94
B02185,G0169,H021,09-09-2024,Executive,Travel Agent,4,31482.94
B02186,G0321,H013,19-03-2026,Suite,Website,7,54418.64
B02187,G0082,H019,12-07-2026,Executive,Website,1,6512.9
B02188,G0257,H011,27-11-2025,Standard,Travel Agent,4,12690.05
B02189,G0230,H011,01-07-2024,Standard,Phone,1,3182.25
B02190,G0115,H023,09-07-2025,Standard,Mobile App,4,11116.15
B02191,G0053,H017,16-08-2024,Standard,Travel Agent,2,6903.26
B02192,G0242,H016,23-10-2025,Deluxe,Phone,7,30566.33
B02193,G0271,H020,17-01-2024,Standard,Mobile App,4,12389.61
B02194,G0120,H001,17-08-2024,Standard,Mobile App,1,2992.8
B02195,G0241,H019,08-06-2025,Standard,Walk-in,7,24278.62
B02196,G0138,H002,17-06-2024,Standard,Walk-in,2,5370.43
B02197,G0265,H002,23-03-2026,Standard,Mobile App,2,5163.49
B02198,G0074,H015,27-10-2024,Standard,Walk-in,1,3633.4
B02199,G0321,H012,26-06-2024,Deluxe,Website,2,9088.47
B02200,G0113,H004,14-05-2026,Standard,Mobile App,5,12760.27
B02201,G0132,H009,27-09-2025,Executive,Website,5,44904.3
B02202,G0020,H025,17-10-2024,Suite,Website,2,17950.6
B02203,G0040,H017,22-09-2025,Executive,Website,3,24926.07
B02204,G0188,H020,02-03-2024,Deluxe,Website,3,12195.8
B02205,G0103,H008,28-02-2026,Suite,Mobile App,5,43678.25
B02206,G0309,H005,15-06-2024,Executive,Mobile App,7,54216.89
B02207,G0008,H002,02-03-2025,Executive,Walk-in,3,18069.81
B02208,G0136,H015,11-02-2026,Deluxe,Website,5,26690.88
B02209,G0123,H011,24-12-2025,Deluxe,Phone,7,28515.16
B02210,G0009,H024,03-12-2025,Deluxe,Phone,4,16452.77
B02211,G0048,H020,30-12-2025,Standard,Mobile App,2,5900.14
B02212,G0145,H003,01-05-2024,Suite,Mobile App,2,19054.24
B02213,G0180,H002,10-09-2024,Standard,Walk-in,2,5361.4
B02214,G0141,H008,24-10-2025,Standard,Website,3,10967.18
B02215,G0190,H011,30-08-2024,Suite,Website,1,7387.37
B02216,G0224,H017,04-02-2024,Standard,Mobile App,3,10801.82
B02217,G0004,H010,31-10-2025,Standard,Walk-in,3,9870.04
B02218,G0164,H020,23-08-2025,Executive,Mobile App,3,20026.54
B02219,G0346,H014,15-08-2024,Standard,Mobile App,2,7515.7
B02220,G0188,H014,20-10-2025,Standard,Website,2,6798.5
B02221,G0257,H023,26-01-2026,Standard,Mobile App,1,3191.08
B02222,G0117,H007,22-06-2025,Suite,Website,3,29313.56
B02223,G0284,H007,24-12-2025,Suite,Website,3,29727.13
B02224,G0283,H001,26-03-2026,Deluxe,Mobile App,1,4555.21
B02225,G0188,H003,25-06-2026,Deluxe,Mobile App,3,16296.15
B02226,G0349,H015,03-08-2026,Standard,Mobile App,4,15247.33
B02227,G0049,H003,24-12-2025,Deluxe,Website,1,5640.73
B02228,G0009,H011,10-04-2026,Standard,Phone,3,8117.82
B02229,G0283,H013,20-10-2024,Standard,Mobile App,1,2619.71
B02230,G0295,H017,24-04-2024,Suite,Walk-in,4,40620.61
B02231,G0045,H018,04-11-2025,Standard,Website,1,3128.32
B02232,G0103,H015,28-07-2026,Executive,Mobile App,1,8276.62
B02233,G0009,H007,29-07-2025,Standard,Travel Agent,1,3439.86
B02234,G0115,H006,14-07-2026,Executive,Phone,2,13354.81
B02235,G0283,H019,15-01-2026,Executive,Website,2,13350.02
B02236,G0188,H024,13-04-2024,Standard,Website,5,12863.77
B02237,G0125,H008,06-11-2024,Deluxe,Website,7,34042.41
B02238,G0135,H023,16-03-2026,Executive,Travel Agent,5,31051.23
B02239,G0001,H018,23-11-2024,Executive,Website,1,6487.18
B02240,G0116,H024,19-04-2025,Deluxe,Mobile App,1,4192.74
B02241,G0241,H001,10-09-2024,Deluxe,Website,2,9262.6
B02242,G0348,H016,04-03-2026,Deluxe,Travel Agent,1,4249.17
B02243,G0314,H019,24-04-2026,Standard,Website,1,3031.32
B02244,G0010,H011,26-02-2024,Standard,Walk-in,2,5777.8
B02245,G0322,H024,24-05-2025,Standard,Mobile App,7,19241.7
B02246,G0286,H018,16-08-2025,Executive,Mobile App,1,5442.12
B02247,G0286,H025,22-11-2025,Executive,Website,2,15325.38
B02248,G0161,H002,13-01-2026,Deluxe,Website,5,20292.89
B02249,G0139,H016,21-07-2025,Deluxe,Phone,5,21622.78
B02250,G0116,H019,02-06-2025,Standard,Travel Agent,4,14280.03
B02251,G0025,H012,18-06-2026,Deluxe,Mobile App,2,8683.48
B02252,G0089,H025,21-01-2026,Suite,Walk-in,1,8003.36
B02253,G0097,H008,05-11-2024,Executive,Mobile App,5,39428.39
B02254,G0176,H011,25-07-2026,Standard,Website,5,13170.52
B02255,G0276,H024,19-01-2026,Deluxe,Phone,1,4597.89
B02256,G0170,H019,20-10-2025,Standard,Phone,7,25147.53
B02257,G0020,H001,10-11-2025,Standard,Website,2,6255
B02258,G0345,H007,07-06-2025,Standard,Walk-in,7,24148.81
B02259,G0342,H003,26-04-2025,Standard,Mobile App,1,4348.18
B02260,G0287,H013,23-08-2025,Standard,Website,1,2665.07
B02261,G0350,H022,30-04-2024,Executive,Phone,2,17758.85
B02262,G0199,H002,22-05-2024,Standard,Travel Agent,4,10404.61
B02263,G0346,H013,26-01-2025,Standard,Walk-in,1,2952.26
B02264,G0029,H015,02-02-2024,Standard,Website,4,15723.82
B02265,G0131,H008,24-03-2025,Standard,Mobile App,4,12016.72
B02266,G0087,H007,08-08-2025,Standard,Website,3,10557.12
B02267,G0073,H021,11-04-2025,Suite,Walk-in,4,32777.12
B02268,G0055,H010,21-02-2026,Standard,Website,1,3434.83
B02269,G0234,H021,16-09-2025,Deluxe,Phone,5,25872.98
B02270,G0286,H005,30-11-2024,Standard,Website,1,3667.43
B02271,G0213,H007,22-09-2025,Deluxe,Mobile App,10,53544.3
B02272,G0057,H003,09-05-2026,Suite,Travel Agent,1,11553.29
B02273,G0296,H022,18-07-2026,Deluxe,Website,4,23895.92
B02274,G0239,H001,23-04-2026,Suite,Website,2,14032.05
B02275,G0136,H014,14-07-2024,Executive,Mobile App,3,21172.93
B02276,G0255,H005,19-02-2026,Standard,Website,7,25950.21
B02277,G0101,H005,08-03-2026,Standard,Phone,7,23257.86
B02278,G0124,H020,05-01-2025,Standard,Website,3,7686.65
B02279,G0332,H020,05-09-2025,Standard,Travel Agent,10,28218.55
B02280,G0115,H001,22-07-2026,Standard,Website,5,14458.67
B02281,G0167,H004,11-07-2026,Standard,Website,5,15497.19
B02282,G0321,H021,01-12-2025,Deluxe,Website,4,19256.32
B02283,G0265,H002,12-09-2024,Standard,Mobile App,7,19627.15
B02284,G0023,H019,31-05-2025,Executive,Mobile App,2,15905.37
B02285,G0057,H020,11-11-2024,Standard,Mobile App,4,12874.51
B02286,G0002,H010,15-01-2025,Standard,Website,2,6739.45
B02287,G0239,H005,18-04-2024,Suite,Website,2,16419.23
B02288,G0155,H002,14-04-2026,Suite,Travel Agent,3,20467.86
B02289,G0053,H024,28-01-2024,Suite,Mobile App,1,7497.45
B02290,G0345,H003,20-02-2026,Deluxe,Mobile App,1,5159.55
B02291,G0190,H024,11-08-2024,Deluxe,Mobile App,1,3812.01
B02292,G0095,H004,07-01-2026,Executive,Travel Agent,2,11386.46
B02293,G0180,H014,17-10-2024,Deluxe,Website,2,9488.73
B02294,G0258,H002,22-03-2024,Suite,Website,10,85385.39
B02295,G0029,H010,18-05-2025,Standard,Mobile App,1,3135.95
B02296,G0105,H019,23-11-2025,Standard,Website,5,17661.39
B02297,G0295,H014,24-04-2025,Deluxe,Mobile App,3,14141.56
B02298,G0162,H001,16-02-2026,Standard,Phone,5,15319.52
B02299,G0199,H013,13-09-2025,Standard,Walk-in,7,22157.65
B02300,G0150,H013,20-11-2025,Standard,Website,2,5129.7
B02301,G0015,H005,04-04-2025,Deluxe,Mobile App,1,5674.4
B02302,G0063,H014,16-02-2025,Standard,Website,2,6920.75
B02303,G0154,H003,12-02-2026,Suite,Website,3,32639
B02304,G0078,H009,07-05-2024,Standard,Travel Agent,2,7303.65
B02305,G0015,H003,17-02-2026,Suite,Mobile App,4,43936.58
B02306,G0313,H009,14-12-2025,Deluxe,Website,3,18454.31
B02307,G0350,H006,20-11-2024,Standard,Mobile App,3,10922.61
B02308,G0288,H021,11-02-2025,Suite,Walk-in,7,61872.57
B02309,G0316,H017,12-09-2025,Executive,Mobile App,3,23247.82
B02310,G0095,H015,27-08-2025,Deluxe,Walk-in,2,11871.08
B02311,G0346,H004,26-10-2024,Standard,Mobile App,1,2671.4
B02312,G0073,H002,20-10-2024,Deluxe,Mobile App,2,9304.92
B02313,G0344,H011,19-02-2026,Standard,Website,4,11523.09
B02314,G0350,H020,28-08-2025,Standard,Mobile App,1,2947.38
B02315,G0265,H001,06-04-2026,Standard,Walk-in,2,6276.79
B02316,G0350,H022,18-05-2026,Standard,Website,1,3865.83
B02317,G0209,H018,14-07-2026,Suite,Website,2,16653.85
B02318,G0101,H022,07-11-2025,Deluxe,Mobile App,3,16534.06
B02319,G0151,H018,20-05-2026,Executive,Travel Agent,2,12853.04
B02320,G0223,H020,07-02-2026,Deluxe,Mobile App,5,22995.21
B02321,G0028,H005,04-04-2025,Suite,Website,2,16029.18
B02322,G0234,H017,09-02-2026,Deluxe,Phone,7,41065.74
B02323,G0350,H003,14-04-2026,Executive,Phone,7,55750.75
B02324,G0072,H006,21-05-2024,Suite,Mobile App,5,43763.81
B02325,G0288,H024,20-09-2025,Executive,Mobile App,2,12320.54
B02326,G0327,H001,24-03-2025,Deluxe,Website,1,4347.1
B02327,G0342,H016,04-03-2025,Standard,Travel Agent,5,13229.4
B02328,G0346,H013,12-07-2024,Deluxe,Website,2,9165.68
B02329,G0188,H003,15-11-2025,Executive,Mobile App,3,27032.91
B02330,G0350,H006,03-10-2024,Deluxe,Mobile App,7,32527.54
B02331,G0278,H019,03-04-2026,Executive,Travel Agent,5,37741.56
B02332,G0061,H009,21-02-2024,Standard,Mobile App,4,14693.74
B02333,G0171,H003,20-03-2026,Suite,Mobile App,2,18584.51
B02334,G0265,H018,10-07-2026,Deluxe,Website,2,9436.9
B02335,G0098,H018,08-12-2025,Deluxe,Website,2,7784.72
B02336,G0241,H015,11-08-2026,Deluxe,Walk-in,3,18169.2
B02337,G0251,H010,01-08-2025,Deluxe,Walk-in,7,37311.34
B02338,G0062,H020,16-10-2024,Standard,Mobile App,4,12699.56
B02339,G0206,H001,27-11-2025,Standard,Mobile App,1,2830.76
B02340,G0283,H018,07-11-2024,Standard,Mobile App,1,3173.39
B02341,G0180,H025,20-04-2026,Standard,Mobile App,2,6850.37
B02342,G0005,H017,10-07-2025,Executive,Phone,4,31545.89
B02343,G0003,H018,20-11-2025,Deluxe,Website,1,4237.7
B02344,G0130,H013,21-09-2024,Deluxe,Phone,4,16989.73
B02345,G0337,H003,12-08-2025,Standard,Mobile App,1,3712.7
B02346,G0089,H004,01-03-2026,Deluxe,Travel Agent,4,16622.54
B02347,G0239,H020,12-02-2026,Deluxe,Website,5,19974
B02348,G0086,H004,12-02-2026,Standard,Mobile App,2,5040.59
B02349,G0121,H008,10-07-2024,Standard,Website,3,9154.71
B02350,G0315,H025,06-12-2024,Suite,Website,1,9970.47
B02351,G0270,H025,12-06-2025,Standard,Website,1,3054.02
B02352,G0032,H021,01-02-2026,Standard,Website,2,5993.88
B02353,G0148,H014,03-08-2025,Standard,Website,4,13494.33
B02354,G0012,H024,22-07-2026,Standard,Mobile App,4,11744.73
B02355,G0174,H025,30-05-2026,Deluxe,Website,3,16754.57
B02356,G0250,H013,03-01-2024,Deluxe,Mobile App,1,3863.6
B02357,G0044,H014,03-07-2026,Deluxe,Phone,4,22003.32
B02358,G0114,H006,29-09-2025,Executive,Mobile App,7,51367.89
B02359,G0139,H022,23-09-2025,Deluxe,Walk-in,2,13066.93
B02360,G0333,H023,06-06-2026,Deluxe,Mobile App,7,29261.54
B02361,G0350,H023,15-11-2024,Suite,Website,2,14479.57
B02362,G0015,H022,18-06-2025,Standard,Website,1,3997.55
B02363,G0280,H002,03-07-2024,Suite,Travel Agent,14,100967.91
B02364,G0135,H023,03-04-2026,Standard,Website,3,8447.21
B02365,G0136,H002,15-01-2026,Standard,Mobile App,4,11634.67
B02366,G0277,H007,15-05-2025,Standard,Website,10,35085.33
B02367,G0332,H017,12-04-2024,Deluxe,Website,3,17045.96
B02368,G0344,H002,08-01-2024,Standard,Travel Agent,3,9254.69
B02369,G0212,H017,01-11-2024,Executive,Website,1,9221.84
B02370,G0130,H022,19-01-2025,Suite,Travel Agent,4,42398.87
B02371,G0287,H014,18-01-2026,Deluxe,Website,4,19140.72
B02372,G0101,H010,15-01-2024,Standard,Walk-in,3,10018.79
B02373,G0205,H001,04-07-2025,Deluxe,Travel Agent,2,8229.76
B02374,G0130,H007,14-08-2024,Suite,Walk-in,1,8254.52
B02375,G0245,H012,27-05-2026,Standard,Mobile App,2,5223.13
B02376,G0094,H006,10-10-2025,Suite,Website,2,16409.66
B02377,G0072,H011,09-10-2025,Deluxe,Website,7,26527.3
B02378,G0332,H022,12-08-2026,Standard,Walk-in,1,3572.05
B02379,G0035,H025,11-08-2025,Suite,Mobile App,5,47501.82
B02380,G0182,H010,30-04-2025,Standard,Travel Agent,3,9887.58
B02381,G0086,H003,07-04-2025,Standard,Travel Agent,1,3781.83
B02382,G0014,H017,22-05-2026,Suite,Website,4,43242.06
B02383,G0014,H001,02-03-2024,Suite,Phone,1,7639.85
B02384,G0067,H013,12-06-2025,Deluxe,Mobile App,3,11957.03
B02385,G0318,H006,22-03-2024,Deluxe,Walk-in,2,11227.14
B02386,G0110,H001,07-07-2026,Executive,Website,1,6477.42
B02387,G0344,H009,22-03-2026,Suite,Mobile App,2,19111.1
B02388,G0215,H006,23-04-2024,Standard,Mobile App,2,7202.26
B02389,G0151,H011,05-05-2025,Standard,Website,3,8370.33
B02390,G0214,H018,09-02-2026,Standard,Mobile App,10,29648.91
B02391,G0188,H009,12-01-2025,Executive,Website,1,8714.37
B02392,G0278,H017,12-01-2026,Standard,Website,4,17440.44
B02393,G0110,H002,01-10-2024,Standard,Phone,2,5953.95
B02394,G0127,H021,19-10-2024,Deluxe,Travel Agent,5,27539.93
B02395,G0321,H004,19-03-2024,Standard,Website,7,22465.15
B02396,G0343,H025,12-06-2026,Deluxe,Travel Agent,4,20276.25
B02397,G0321,H024,27-09-2025,Suite,Website,2,16400.83
B02398,G0147,H007,21-02-2026,Standard,Website,3,10760.12
B02399,G0286,H006,16-05-2025,Standard,Walk-in,3,9861.22
B02400,G0171,H003,22-06-2024,Suite,Mobile App,1,10564.4
B02401,G0180,H020,11-11-2024,Suite,Phone,5,36139.97
B02402,G0077,H021,01-01-2026,Standard,Mobile App,14,52949.95
B02403,G0221,H024,28-11-2024,Deluxe,Walk-in,2,9436.97
B02404,G0071,H008,05-09-2025,Suite,Website,5,49374.4
B02405,G0122,H021,17-03-2026,Deluxe,Mobile App,4,19805.86
B02406,G0316,H017,30-04-2025,Standard,Walk-in,5,18779.82
B02407,G0078,H009,25-06-2024,Standard,Walk-in,10,36762.93
B02408,G0027,H002,13-03-2025,Suite,Website,3,22284.18
B02409,G0025,H016,08-03-2024,Deluxe,Website,4,17440.38
B02410,G0341,H021,16-01-2024,Deluxe,Travel Agent,5,26449.66
B02411,G0183,H021,02-03-2026,Deluxe,Website,2,10165.6
B02412,G0143,H018,11-07-2025,Deluxe,Walk-in,3,12680.59
B02413,G0296,H017,02-07-2026,Deluxe,Website,5,30634.88
B02414,G0309,H010,03-03-2024,Executive,Website,3,19821.41
B02415,G0122,H004,05-05-2025,Standard,Mobile App,1,2783.79
B02416,G0263,H003,13-03-2024,Suite,Phone,3,34910.83
B02417,G0283,H009,01-06-2026,Standard,Website,1,3957.22
B02418,G0243,H019,19-08-2024,Standard,Mobile App,2,7256.16
B02419,G0058,H004,03-06-2024,Executive,Travel Agent,3,17963.54
B02420,G0320,H006,14-05-2026,Executive,Mobile App,14,102021.27
B02421,G0196,H002,11-06-2025,Deluxe,Mobile App,1,3932.99
B02422,G0110,H004,15-02-2024,Standard,Website,5,12656.97
B02423,G0148,H017,09-12-2025,Standard,Mobile App,1,4293.56
B02424,G0014,H021,04-06-2025,Deluxe,Walk-in,7,37092.13
B02425,G0050,H013,02-01-2026,Standard,Mobile App,5,13262.73
B02426,G0280,H003,27-01-2025,Standard,Walk-in,2,7907.37
B02427,G0001,H011,08-08-2026,Deluxe,Mobile App,1,4315.85
B02428,G0146,H016,18-02-2024,Standard,Travel Agent,4,11620.93
B02429,G0188,H007,21-05-2024,Standard,Mobile App,14,45289.16
B02430,G0017,H004,23-11-2025,Standard,Website,4,10127.32
B02431,G0348,H025,05-05-2026,Standard,Website,2,7294.54
B02432,G0088,H024,03-12-2024,Deluxe,Mobile App,1,3800.52
B02433,G0116,H002,06-12-2025,Standard,Phone,3,8446.37
B02434,G0116,H003,04-04-2024,Standard,Mobile App,7,25983.54
B02435,G0090,H023,29-03-2024,Standard,Walk-in,14,37483
B02436,G0001,H001,15-10-2024,Suite,Mobile App,1,7901.47
B02437,G0270,H009,28-04-2026,Suite,Mobile App,3,27655.09
B02438,G0346,H018,02-03-2026,Suite,Mobile App,3,21904.88
B02439,G0087,H013,24-05-2024,Deluxe,Mobile App,3,11841.81
B02440,G0250,H015,13-09-2025,Suite,Mobile App,3,31808.93
B02441,G0273,H021,16-06-2025,Deluxe,Mobile App,14,73901.1
B02442,G0316,H020,11-05-2025,Standard,Website,5,14100.64
B02443,G0147,H015,06-01-2025,Suite,Mobile App,7,64677.22
B02444,G0116,H008,31-08-2025,Standard,Phone,1,3701.45
B02445,G0122,H012,21-02-2026,Deluxe,Phone,3,13101.06
B02446,G0265,H006,12-06-2026,Standard,Website,1,3679.65
B02447,G0299,H005,22-06-2026,Executive,Travel Agent,2,14551.16
B02448,G0069,H015,30-04-2024,Deluxe,Website,1,6208.88
B02449,G0134,H010,14-05-2025,Standard,Website,1,3421.14
B02450,G0325,H021,27-03-2026,Deluxe,Website,3,15582.48
B02451,G0295,H014,12-06-2024,Standard,Website,3,10104.11
B02452,G0350,H019,08-06-2025,Standard,Website,4,15184.2
B02453,G0277,H024,01-01-2025,Deluxe,Website,1,4644.47
B02454,G0136,H022,20-12-2024,Standard,Mobile App,5,18654.25
B02455,G0221,H017,09-03-2026,Standard,Walk-in,1,4231.23
B02456,G0248,H016,10-01-2025,Suite,Travel Agent,1,8126.84
B02457,G0029,H021,05-03-2024,Standard,Phone,7,23185.87
B02458,G0199,H015,24-02-2024,Standard,Walk-in,2,8500.44
B02459,G0265,H017,30-06-2024,Standard,Mobile App,2,8227.41
B02460,G0065,H009,17-03-2026,Standard,Website,3,12981.43
B02461,G0286,H017,16-04-2026,Standard,Travel Agent,4,14624.13
B02462,G0216,H014,19-05-2024,Standard,Phone,3,11228.39
B02463,G0344,H012,01-03-2026,Standard,Website,4,12720.32
B02464,G0015,H023,19-05-2026,Suite,Website,1,7447.13
B02465,G0103,H020,26-01-2026,Standard,Mobile App,5,16033.69
B02466,G0226,H003,21-02-2026,Standard,Mobile App,4,13874.9
B02467,G0115,H008,01-12-2025,Executive,Walk-in,2,15649.69
B02468,G0265,H007,19-05-2024,Standard,Mobile App,5,17319.77
B02469,G0279,H001,27-11-2025,Standard,Mobile App,7,21706.89
B02470,G0036,H003,14-07-2026,Suite,Mobile App,2,21988.02
B02471,G0186,H008,27-10-2025,Suite,Website,3,27003.51
B02472,G0183,H018,31-05-2026,Deluxe,Walk-in,2,7836.16
B02473,G0133,H009,20-09-2024,Executive,Travel Agent,2,17677.43
B02474,G0339,H024,01-10-2025,Deluxe,Website,3,13875.04
B02475,G0304,H018,10-04-2026,Standard,Walk-in,4,10278.03
B02476,G0264,H011,21-09-2024,Standard,Mobile App,3,8842.63
B02477,G0265,H022,15-08-2024,Standard,Mobile App,2,8702.84
B02478,G0163,H024,13-03-2026,Standard,Website,4,12386.8
B02479,G0335,H005,11-12-2024,Standard,Website,5,18911.33
B02480,G0263,H002,25-04-2025,Deluxe,Mobile App,3,12029.94
B02481,G0270,H010,15-05-2025,Executive,Mobile App,3,24254.34
B02482,G0316,H008,21-11-2024,Standard,Phone,7,26418.23
B02483,G0105,H013,16-04-2026,Executive,Mobile App,2,10959.22
B02484,G0295,H015,07-05-2026,Executive,Travel Agent,2,16519.86
B02485,G0073,H012,09-12-2024,Standard,Phone,1,2915.2
B02486,G0124,H001,16-01-2026,Deluxe,Mobile App,2,9167.89
B02487,G0123,H002,19-04-2024,Deluxe,Travel Agent,4,17917.55
B02488,G0350,H004,06-09-2025,Suite,Website,1,6937.72
B02489,G0316,H017,08-03-2026,Executive,Website,14,103361.4
B02490,G0265,H010,02-12-2024,Deluxe,Mobile App,2,10622.54
B02491,G0269,H006,30-06-2024,Deluxe,Mobile App,3,16798.53
B02492,G0204,H009,18-11-2024,Deluxe,Website,1,5141.73
B02493,G0343,H022,17-05-2026,Standard,Mobile App,2,8365.96
B02494,G0180,H012,06-04-2026,Suite,Website,1,7533.15
B02495,G0136,H023,11-04-2026,Executive,Website,1,5721.9
B02496,G0062,H006,06-01-2026,Executive,Website,4,30347.61
B02497,G0287,H009,07-04-2026,Standard,Walk-in,2,7688.47
B02498,G0271,H016,14-02-2024,Standard,Mobile App,1,2610.39
B02499,G0136,H018,01-09-2025,Standard,Mobile App,4,11967.4
B02500,G0011,H001,21-10-2025,Executive,Travel Agent,5,27361.08
B02501,G0311,H010,06-02-2025,Executive,Mobile App,10,77399.65
B02502,G0005,H007,16-07-2025,Deluxe,Mobile App,1,4891.83
B02503,G0265,H007,02-02-2024,Standard,Mobile App,4,14406.49
B02504,G0348,H003,06-03-2024,Deluxe,Mobile App,7,45535.9
B02505,G0152,H011,31-10-2025,Suite,Mobile App,1,7772.71
B02506,G0092,H025,20-12-2024,Suite,Walk-in,4,34873.14
B02507,G0265,H012,16-02-2024,Standard,Website,2,5721.65
B02508,G0300,H001,14-08-2025,Deluxe,Mobile App,2,9479.42
B02509,G0199,H018,24-04-2026,Standard,Mobile App,4,11417
B02510,G0346,H025,15-02-2024,Deluxe,Website,3,14373.85
B02511,G0015,H005,28-06-2026,Deluxe,Phone,3,15500.92
B02512,G0181,H010,22-10-2024,Deluxe,Phone,2,9478.42
B02513,G0265,H013,03-01-2024,Deluxe,Mobile App,5,19725.17
B02514,G0316,H001,01-12-2024,Standard,Mobile App,5,12855.07
B02515,G0068,H013,05-08-2024,Standard,Website,2,5440.22
B02516,G0292,H018,29-04-2026,Standard,Mobile App,3,8949.13
B02517,G0199,H023,09-08-2025,Suite,Website,2,14741.36
B02518,G0139,H003,07-04-2024,Standard,Travel Agent,3,12118.44
B02519,G0052,H014,02-07-2026,Suite,Website,2,18749.64
B02520,G0317,H018,17-04-2026,Executive,Mobile App,2,11254.4
B02521,G0060,H004,13-07-2026,Standard,Mobile App,1,2615.26
B02522,G0117,H001,07-08-2026,Standard,Travel Agent,10,31664.71
B02523,G0115,H011,07-03-2026,Suite,Phone,3,25773.87
B02524,G0320,H011,07-11-2025,Suite,Walk-in,1,7862.66
B02525,G0254,H025,28-06-2026,Standard,Website,1,3760.99
B02526,G0289,H014,16-11-2024,Deluxe,Walk-in,4,22226.39
B02527,G0100,H015,24-05-2024,Standard,Mobile App,1,3866.97
B02528,G0236,H001,20-09-2025,Deluxe,Website,7,27301.83
B02529,G0211,H012,30-07-2026,Suite,Website,4,27045.89
B02530,G0307,H014,16-09-2025,Deluxe,Website,3,15641.12
B02531,G0326,H006,09-03-2026,Standard,Walk-in,3,9229.29
B02532,G0005,H016,29-04-2026,Deluxe,Travel Agent,3,12706.26
B02533,G0255,H004,02-03-2026,Deluxe,Website,2,8715.5
B02534,G0015,H024,23-10-2024,Deluxe,Website,4,18019.12
B02535,G0199,H006,26-04-2025,Deluxe,Website,3,13546.45
B02536,G0113,H025,12-01-2026,Executive,Website,2,14637.82
B02537,G0117,H023,07-04-2026,Deluxe,Website,3,12522.63
B02538,G0127,H017,07-06-2024,Executive,Mobile App,1,8382.49
B02539,G0234,H010,13-07-2025,Suite,Travel Agent,14,115787.71
B02540,G0123,H025,09-01-2026,Deluxe,Website,1,4725.24
B02541,G0270,H018,28-06-2025,Standard,Phone,10,26146.89
B02542,G0141,H002,08-06-2024,Standard,Website,3,8145.4
B02543,G0025,H024,04-08-2024,Standard,Travel Agent,3,7790.38
B02544,G0286,H012,07-03-2025,Deluxe,Travel Agent,4,17947.13
B02545,G0112,H021,23-01-2026,Deluxe,Website,3,17018.94
B02546,G0150,H023,09-06-2025,Deluxe,Website,1,4532.79
B02547,G0259,H012,24-05-2025,Suite,Website,5,36034.68
B02548,G0122,H007,05-01-2026,Standard,Travel Agent,1,3050.86
B02549,G0019,H002,24-02-2026,Standard,Mobile App,1,3209.05
B02550,G0136,H012,28-02-2024,Deluxe,Mobile App,7,29693.78
B02551,G0342,H012,15-04-2025,Standard,Mobile App,3,8030.91
B02552,G0241,H003,25-02-2026,Deluxe,Travel Agent,14,73763.66
B02553,G0253,H022,30-11-2025,Executive,Website,2,18217.97
B02554,G0239,H006,11-02-2024,Deluxe,Phone,1,5630.16
B02555,G0074,H009,30-01-2024,Standard,Phone,3,11069.59
B02556,G0146,H013,26-09-2025,Standard,Website,1,3128.04
B02557,G0276,H014,03-12-2025,Deluxe,Mobile App,2,10301.49
B02558,G0035,H014,19-02-2026,Suite,Walk-in,2,19262.66
B02559,G0107,H002,01-07-2026,Standard,Travel Agent,7,18052.15
B02560,G0106,H013,08-06-2025,Standard,Website,3,9195.49
B02561,G0150,H010,17-05-2025,Deluxe,Mobile App,2,11348.49
B02562,G0350,H010,02-12-2025,Deluxe,Website,2,9953.71
B02563,G0025,H010,09-01-2024,Deluxe,Mobile App,2,9241.64
B02564,G0188,H013,21-06-2024,Standard,Walk-in,1,2726.86
B02565,G0068,H009,30-05-2024,Standard,Mobile App,1,4216.17
B02566,G0348,H021,17-12-2024,Deluxe,Website,4,18344.2
B02567,G0040,H017,11-06-2025,Deluxe,Phone,3,17534.38
B02568,G0140,H022,31-08-2025,Deluxe,Travel Agent,7,37460.2
B02569,G0271,H024,02-09-2024,Standard,Walk-in,1,2940.55
B02570,G0265,H013,30-11-2025,Standard,Website,2,5375.19
B02571,G0147,H024,17-05-2024,Executive,Phone,7,48028.14
B02572,G0124,H012,10-07-2024,Deluxe,Mobile App,2,8075.6
B02573,G0139,H002,26-07-2024,Suite,Website,1,8314.6
B02574,G0103,H017,16-07-2026,Deluxe,Website,14,77310.59
B02575,G0078,H015,03-06-2026,Suite,Mobile App,4,43606.42
B02576,G0176,H011,10-05-2026,Suite,Mobile App,4,32404.14
B02577,G0103,H024,04-04-2026,Suite,Walk-in,3,25576.82
B02578,G0113,H008,02-04-2026,Standard,Mobile App,14,44762.56
B02579,G0245,H024,30-01-2025,Deluxe,Mobile App,10,38467.61
B02580,G0346,H009,01-08-2024,Standard,Website,2,6896.53
B02581,G0227,H001,15-12-2025,Deluxe,Phone,7,33200.43
B02582,G0029,H017,09-11-2024,Standard,Website,4,15978.16
B02583,G0029,H012,26-11-2024,Deluxe,Mobile App,5,19854.05
B02584,G0344,H008,23-05-2026,Standard,Walk-in,2,6343.01
B02585,G0115,H004,20-07-2026,Standard,Mobile App,7,19040.98
B02586,G0031,H009,14-11-2025,Deluxe,Mobile App,2,12844.18
B02587,G0226,H014,16-07-2026,Suite,Website,2,17297.09
B02588,G0235,H002,11-07-2026,Deluxe,Mobile App,3,12782.38
B02589,G0242,H022,16-04-2024,Executive,Website,3,26504.93
B02590,G0103,H017,01-06-2026,Suite,Walk-in,1,9486.63
B02591,G0008,H024,12-01-2025,Deluxe,Website,7,28524.26
B02592,G0346,H007,09-06-2024,Standard,Phone,2,7427.82
B02593,G0101,H017,19-03-2025,Suite,Website,5,54193.71
B02594,G0256,H002,31-07-2026,Standard,Website,10,31287.86
B02595,G0265,H022,15-04-2026,Standard,Mobile App,4,17041.99
B02596,G0231,H005,20-04-2026,Standard,Mobile App,2,6900.91
B02597,G0118,H022,21-05-2026,Standard,Website,2,7066.65
B02598,G0104,H002,21-07-2026,Deluxe,Website,4,18061.12
B02599,G0225,H005,14-04-2026,Suite,Phone,1,10017.25
B02600,G0317,H011,22-10-2025,Deluxe,Travel Agent,1,3806.58
B02601,G0343,H016,26-05-2026,Suite,Website,1,7329.73
B02602,G0037,H015,20-11-2025,Deluxe,Phone,1,5178.6
B02603,G0059,H008,04-11-2024,Executive,Travel Agent,1,7997.7
B02604,G0342,H013,20-02-2026,Deluxe,Mobile App,1,4823.13
B02605,G0271,H002,19-07-2026,Standard,Website,3,8297.24
B02606,G0321,H017,06-06-2024,Suite,Website,4,42849.52
B02607,G0075,H019,09-07-2024,Deluxe,Walk-in,4,19546.31
B02608,G0219,H012,20-07-2026,Executive,Mobile App,7,44722.38
B02609,G0265,H008,06-08-2024,Standard,Website,4,14586.11
B02610,G0258,H023,20-08-2024,Deluxe,Walk-in,3,11889.06
B02611,G0142,H012,21-10-2024,Suite,Travel Agent,5,41078.55
B02612,G0008,H012,15-08-2024,Standard,Website,2,5750.19
B02613,G0216,H016,05-02-2024,Standard,Walk-in,3,8524.14
B02614,G0101,H006,07-06-2025,Standard,Mobile App,10,36050.7
B02615,G0155,H007,23-09-2025,Standard,Website,3,9307.3
B02616,G0345,H012,12-04-2024,Deluxe,Phone,14,56187.24
B02617,G0139,H022,25-07-2025,Deluxe,Phone,4,26067.61
B02618,G0312,H022,27-11-2025,Suite,Mobile App,7,77862.5
B02619,G0072,H009,30-06-2025,Suite,Mobile App,2,22204.13
B02620,G0254,H005,04-11-2025,Standard,Phone,1,3544.24
B02621,G0350,H005,05-06-2024,Executive,Walk-in,3,22486.47
B02622,G0035,H009,03-12-2025,Executive,Website,14,127322.32
B02623,G0002,H005,02-08-2025,Deluxe,Travel Agent,4,22104.91
B02624,G0150,H024,28-02-2025,Executive,Mobile App,2,13263.16
B02625,G0031,H011,24-09-2025,Standard,Travel Agent,7,18826.99
B02626,G0276,H008,06-06-2026,Standard,Mobile App,3,9593.72
B02627,G0329,H016,01-12-2025,Standard,Walk-in,1,2988.3
B02628,G0151,H018,22-08-2024,Executive,Travel Agent,3,17657.81
B02629,G0101,H022,14-01-2024,Standard,Travel Agent,1,4056.57
B02630,G0151,H010,04-06-2025,Deluxe,Website,5,25235.5
B02631,G0268,H013,09-01-2025,Standard,Travel Agent,4,10206.09
B02632,G0003,H009,10-10-2025,Deluxe,Travel Agent,7,42579.84
B02633,G0220,H003,12-01-2025,Standard,Travel Agent,1,3966.25
B02634,G0233,H022,29-07-2026,Standard,Mobile App,1,4315.74
B02635,G0240,H019,03-04-2024,Deluxe,Mobile App,1,4858.17
B02636,G0095,H016,14-07-2025,Standard,Website,3,7561.11
B02637,G0265,H001,20-05-2024,Standard,Mobile App,1,2530.44
B02638,G0031,H021,29-09-2025,Deluxe,Website,3,13937.53
B02639,G0074,H007,16-03-2024,Deluxe,Travel Agent,2,11266.56
B02640,G0320,H015,14-10-2025,Deluxe,Mobile App,2,11899.22
B02641,G0271,H016,19-06-2025,Standard,Website,3,8576.13
B02642,G0007,H020,22-03-2024,Executive,Website,2,11968.21
B02643,G0098,H001,21-02-2026,Deluxe,Website,3,13010.82
B02644,G0081,H016,28-09-2025,Deluxe,Mobile App,2,8898.55
B02645,G0104,H021,31-07-2024,Deluxe,Walk-in,4,19371.85
B02646,G0098,H020,28-04-2024,Standard,Travel Agent,2,5303.73
B02647,G0023,H022,16-06-2025,Deluxe,Mobile App,2,10947.55
B02648,G0161,H002,28-05-2024,Standard,Mobile App,2,5072.93
B02649,G0270,H016,23-08-2025,Suite,Website,2,15900.31
B02650,G0228,H010,29-03-2026,Deluxe,Travel Agent,1,4981.85
B02651,G0254,H015,12-06-2026,Standard,Website,3,11524.7
B02652,G0029,H010,14-02-2025,Deluxe,Mobile App,7,38896.79
B02653,G0344,H014,01-04-2024,Suite,Mobile App,2,18986.02
B02654,G0310,H009,04-02-2024,Suite,Website,2,20160.32
B02655,G0294,H016,24-12-2025,Standard,Mobile App,2,5421.36
B02656,G0302,H020,12-03-2025,Standard,Mobile App,1,3137.91
B02657,G0339,H021,02-08-2025,Standard,Mobile App,2,6477.65
B02658,G0198,H023,20-02-2024,Standard,Mobile App,1,2777.6
B02659,G0074,H006,22-04-2024,Deluxe,Mobile App,4,19955.66
B02660,G0233,H003,28-08-2024,Suite,Mobile App,7,75340.65
B02661,G0273,H019,27-07-2025,Suite,Mobile App,2,17176.49
B02662,G0271,H014,04-11-2025,Standard,Phone,4,14784.27
B02663,G0188,H010,03-08-2026,Deluxe,Website,2,9101.68
B02664,G0025,H010,07-07-2026,Deluxe,Mobile App,7,36331.96
B02665,G0134,H020,10-02-2026,Standard,Travel Agent,5,13565.26
B02666,G0335,H010,06-04-2025,Standard,Walk-in,5,15957.47
B02667,G0217,H025,22-06-2025,Deluxe,Travel Agent,3,13924.27
B02668,G0196,H019,18-02-2024,Standard,Mobile App,3,10102.88
B02669,G0103,H019,22-03-2026,Deluxe,Mobile App,4,20430.54
B02670,G0132,H009,28-05-2026,Standard,Website,10,43770.16
B02671,G0321,H019,17-02-2026,Standard,Website,1,3684.31
B02672,G0251,H002,24-05-2026,Deluxe,Website,5,20725.68
B02673,G0287,H021,03-11-2025,Deluxe,Mobile App,2,10904.07
B02674,G0158,H025,15-05-2024,Standard,Website,1,3203.34
B02675,G0239,H010,19-03-2025,Standard,Website,4,12632.67
B02676,G0098,H001,25-02-2024,Standard,Travel Agent,2,5230.9
B02677,G0265,H007,27-04-2024,Deluxe,Mobile App,5,27656.46
B02678,G0148,H023,25-06-2025,Deluxe,Website,3,13318.21
B02679,G0154,H016,09-05-2026,Executive,Mobile App,2,13218.49
B02680,G0242,H019,02-08-2026,Deluxe,Phone,2,9814.11
B02681,G0339,H007,01-11-2024,Standard,Website,2,6087.03
B02682,G0024,H018,16-08-2024,Deluxe,Website,1,4714.76
B02683,G0302,H014,14-07-2024,Standard,Travel Agent,1,3682.29
B02684,G0115,H010,12-06-2025,Deluxe,Website,2,10546.43
B02685,G0154,H010,20-01-2024,Standard,Mobile App,3,10170.79
B02686,G0009,H018,30-01-2026,Suite,Website,4,34414.32
B02687,G0116,H011,28-10-2025,Deluxe,Walk-in,3,12223.83
B02688,G0180,H002,23-04-2026,Standard,Walk-in,1,2983.86
B02689,G0019,H015,13-05-2026,Suite,Website,2,23427.09
B02690,G0179,H007,09-07-2026,Suite,Website,2,19443.18
B02691,G0338,H002,03-06-2026,Standard,Walk-in,3,8148.69
B02692,G0037,H011,27-12-2025,Standard,Travel Agent,4,12190.9
B02693,G0280,H006,15-02-2026,Standard,Website,14,48841.81
B02694,G0143,H001,19-06-2025,Standard,Website,2,6428.11
B02695,G0243,H007,08-08-2024,Suite,Website,1,8526.18
B02696,G0101,H015,24-04-2025,Standard,Travel Agent,4,15337.77
B02697,G0061,H012,12-04-2025,Executive,Website,5,28064.96
B02698,G0061,H020,04-05-2025,Deluxe,Travel Agent,2,9447.15
B02699,G0026,H006,02-07-2024,Standard,Mobile App,1,3751.33
B02700,G0071,H008,16-06-2025,Deluxe,Mobile App,2,10129.16
B02701,G0251,H001,28-08-2025,Standard,Travel Agent,10,26122.67
B02702,G0321,H018,10-05-2024,Standard,Website,10,29270.69
B02703,G0297,H025,29-01-2026,Standard,Mobile App,1,3108.57
B02704,G0259,H005,27-03-2026,Standard,Walk-in,1,3646.23
B02705,G0040,H014,09-01-2026,Executive,Website,5,35953.74
B02706,G0114,H004,05-03-2026,Suite,Mobile App,3,23035.46
B02707,G0117,H009,24-04-2026,Standard,Mobile App,5,21590
B02708,G0100,H009,06-07-2024,Standard,Mobile App,3,11814.77
B02709,G0188,H015,31-07-2026,Standard,Travel Agent,3,11251.15
B02710,G0194,H006,24-10-2024,Standard,Mobile App,5,17283.77
B02711,G0129,H011,05-12-2025,Standard,Travel Agent,2,5396.61
B02712,G0127,H024,03-06-2025,Deluxe,Phone,3,13315.68
B02713,G0305,H019,07-04-2025,Suite,Website,1,8252.6
B02714,G0287,H002,24-07-2025,Standard,Mobile App,3,8054.98
B02715,G0117,H023,20-12-2024,Deluxe,Walk-in,4,15329.99
B02716,G0328,H003,27-07-2026,Deluxe,Website,5,27784.23
B02717,G0344,H021,06-02-2024,Executive,Mobile App,2,14824.66
B02718,G0122,H020,26-09-2025,Standard,Mobile App,3,9103.96
B02719,G0127,H025,07-07-2026,Standard,Website,1,3721.39
B02720,G0182,H024,01-02-2025,Standard,Website,2,5268.97
B02721,G0341,H010,04-01-2025,Standard,Website,1,3534.56
B02722,G0320,H009,07-03-2026,Deluxe,Mobile App,5,27077.43
B02723,G0036,H024,31-03-2025,Deluxe,Travel Agent,5,19962.37
B02724,G0136,H010,23-10-2024,Standard,Walk-in,5,16126.55
B02725,G0200,H017,10-05-2026,Deluxe,Mobile App,7,36102.99
B02726,G0180,H001,23-12-2025,Suite,Website,2,16061.69
B02727,G0073,H017,23-02-2026,Deluxe,Website,4,22352.32
B02728,G0316,H022,17-03-2026,Standard,Website,4,14400.56
B02729,G0256,H021,22-07-2026,Deluxe,Website,5,26893
B02730,G0310,H008,28-02-2025,Standard,Mobile App,3,9711.05
B02731,G0316,H006,23-06-2024,Executive,Mobile App,1,6514.58
B02732,G0276,H012,26-04-2026,Deluxe,Website,3,11427.5
B02733,G0152,H019,12-01-2025,Deluxe,Website,3,13816.18
B02734,G0231,H025,26-11-2024,Standard,Website,3,9703.36
B02735,G0061,H023,11-11-2025,Deluxe,Website,2,8963.59
B02736,G0255,H005,11-04-2026,Deluxe,Website,3,14483.88
B02737,G0068,H006,21-02-2026,Standard,Mobile App,2,6375.41
B02738,G0263,H001,15-07-2025,Deluxe,Mobile App,1,3995
B02739,G0090,H008,19-04-2024,Deluxe,Travel Agent,1,4798.17
B02740,G0044,H008,06-08-2026,Deluxe,Website,5,22820.57
B02741,G0063,H005,20-05-2026,Standard,Walk-in,4,13123.86
B02742,G0001,H017,30-10-2024,Deluxe,Walk-in,4,23638.12
B02743,G0265,H014,09-06-2026,Deluxe,Mobile App,14,67613.91
B02744,G0270,H004,08-09-2024,Suite,Website,2,15586.02
B02745,G0188,H013,29-02-2024,Standard,Website,1,3105.77
B02746,G0061,H002,01-01-2024,Suite,Website,7,59266.81
B02747,G0029,H015,24-05-2025,Deluxe,Mobile App,5,29422.38
B02748,G0009,H021,22-01-2026,Standard,Phone,2,6460.63
B02749,G0063,H004,02-02-2026,Deluxe,Travel Agent,1,4471.43
B02750,G0321,H020,24-04-2024,Standard,Phone,5,13226.66
B02751,G0094,H006,16-07-2024,Standard,Travel Agent,1,3108.32
B02752,G0127,H018,16-09-2024,Standard,Phone,2,5719.84
B02753,G0037,H019,26-02-2026,Suite,Travel Agent,1,9007.22
B02754,G0086,H005,24-03-2026,Suite,Mobile App,3,30378.27
B02755,G0188,H019,11-10-2024,Deluxe,Website,1,5325.6
B02756,G0230,H024,23-04-2024,Deluxe,Website,5,21116.8
B02757,G0096,H024,22-01-2024,Deluxe,Website,1,3785.65
B02758,G0020,H024,20-07-2024,Standard,Website,3,7955.96
B02759,G0136,H001,08-04-2024,Standard,Website,5,13545.53
B02760,G0092,H017,26-06-2026,Suite,Mobile App,1,10085.96
B02761,G0085,H006,06-12-2025,Executive,Walk-in,3,22620.52
B02762,G0346,H025,01-08-2025,Deluxe,Website,2,10649.22
B02763,G0233,H015,16-06-2024,Suite,Phone,5,48160.71
B02764,G0201,H007,23-07-2025,Suite,Mobile App,7,66180.8
B02765,G0146,H007,22-06-2026,Standard,Mobile App,7,21296.85
B02766,G0148,H021,10-12-2024,Standard,Mobile App,3,10931.26
B02767,G0197,H025,27-04-2026,Standard,Mobile App,1,3332.13
B02768,G0264,H025,08-11-2024,Standard,Phone,1,3521.92
B02769,G0265,H006,21-03-2026,Standard,Website,3,9166.49
B02770,G0066,H017,24-01-2026,Deluxe,Website,7,40594.62
B02771,G0180,H024,11-05-2026,Suite,Mobile App,2,17017.11
B02772,G0145,H023,23-01-2026,Standard,Phone,3,8369.85
B02773,G0319,H002,18-03-2026,Standard,Mobile App,2,5854.8
B02774,G0239,H021,07-01-2024,Suite,Mobile App,1,9412.39
B02775,G0191,H008,29-09-2024,Suite,Mobile App,2,17897.33
B02776,G0042,H004,23-02-2025,Deluxe,Mobile App,1,4798.43
B02777,G0227,H019,05-03-2025,Suite,Mobile App,3,25879.01
B02778,G0044,H006,01-08-2026,Deluxe,Website,4,21468.82
B02779,G0123,H013,19-12-2025,Standard,Travel Agent,5,14468.53
B02780,G0056,H006,21-02-2026,Deluxe,Mobile App,5,23159.18
B02781,G0261,H007,03-04-2025,Standard,Mobile App,3,11280.91
B02782,G0078,H011,17-12-2024,Standard,Website,2,5931.05
B02783,G0136,H015,21-02-2026,Deluxe,Walk-in,3,18026.34
B02784,G0321,H009,31-03-2025,Deluxe,Website,3,17234.75
B02785,G0077,H003,07-11-2024,Suite,Mobile App,2,18470.13
B02786,G0183,H018,31-12-2025,Suite,Mobile App,4,30735.23
B02787,G0146,H012,26-07-2025,Deluxe,Walk-in,2,8139.18
B02788,G0009,H007,26-05-2026,Suite,Walk-in,5,41070.02
B02789,G0288,H008,30-07-2025,Standard,Mobile App,7,22800.52
B02790,G0025,H024,12-02-2025,Deluxe,Walk-in,1,4179.86
B02791,G0171,H019,06-03-2026,Deluxe,Website,2,10884.21
B02792,G0203,H022,19-06-2024,Deluxe,Walk-in,5,28036.4
B02793,G0238,H004,24-06-2024,Suite,Phone,1,7011.64
B02794,G0260,H002,14-04-2025,Standard,Website,3,7688.53
B02795,G0101,H018,10-05-2026,Standard,Mobile App,2,5768.12
B02796,G0004,H001,01-01-2026,Deluxe,Mobile App,3,14096.04
B02797,G0268,H002,03-04-2026,Standard,Website,5,14528.73
B02798,G0194,H020,15-05-2026,Deluxe,Website,5,24122.93
B02799,G0309,H012,20-07-2025,Standard,Walk-in,1,3167.82
B02800,G0302,H012,02-04-2025,Executive,Website,1,6419.49
